English ,Hindi
abatement,उपशमन
A-band,ए-पट्ट
abortive infection,विफल संक्रमण
abortive transduction,विफल पारक्रमण
abortive transformation,विफल रूपांतरण
absorbance,"1.अवशोषणांक ,2.अवशोष्यता"
abzyme (catalytic anibody),एब्जाइम (उत्प्रेरकी प्रतिपिंड)
accessory cell,सहायक कोशिका
accessory chromosome,सहायक गुणसूत्र
acclimatization,दशानुकूलन
acid phosphatase,अम्ल फास्फेटेज
acidification,अम्लन
acidobiotic,अम्लजीवी
acidogenesis,अम्लोत्पत्ति
acinar cell,गुच्छकोष्ठक कोशिका
acquired immunity,उपार्जित प्रतिरक्षा
alternative splicing,विकल्पी संबंधन
actinorriza,एक्टिनोराइजा
activated carrier,सक्रियित वाहक
activated sludge,सक्रियित आपंक
activation,सक्रियण
activator-dissociation system,सक्रियक-वियोजन तंत्र
active gene pool collection,सक्रिय जीन पुल संग्रहण
active site,सक्रिय स्थल
adaptive cellular therapy,अनुकूली कोशिकीय उपचार
adaptive immunization,अनुकूली प्रतिरक्षा
adaptive radiation,अनुकूलीय विकिरण
adaptive strain,अनुकूली प्रभेद
additive gene,योजी जीन
adenovirus,ग्रंथि विषाणु
adenylate cyclase,ऐडेनिलेट साइक्लेज
adenylation,ऐडेनिलेटन
ADH gene,ए.डी.एच जीन
adhesion,आसंजन
adinocarcinoma,ग्रंथि उपकलाबुर्द
adjuvant,सहवर्धी
A-DNA,ए. डी.एन.ए
adsorption,अधिशोषण
adult stem cell,वयस्क मूल कोशिका
aeration,"1.वातन ,2.वायुमिश्रण"
aeroallergen,वायुप्रत्यूर्जक
aerobic reactor,वायवीय अभिकारक
aerosol,वायुविलय
affinity isolated antibody,बंधुता विलगित प्रतिपिंड
affinity precipitator,बधुंता अवक्षेपित्र
affinity tag,बंधुता टैग
aflatoxin,ऐफ्लाटॉक्सिन
agar diffusion test,ऐगार विसरण परीक्षण
agarose gel electrophoresis,ऐगेरोस जेल वैद्युतकण संचलन
ageing of wine,मद्य काला प्रभावन
agglutinant,आश्लेषक
aggutination,"1.आश्लेषण ,2.समूहन"
agranulocyte,अकणिकाणु
agrobacterium,एग्रोबैक्टीरियम
agarose,ऐगेरोज
AIDS (aquired immuno deficiency symdrome),एड्स (उपार्जित प्रतिरक्षा न्यूनता संलक्षण)
albumin,ऐल्ब्यूमिन
alcohol dehydrogenase,ऐल्कोहांल डिहाइड्रोजेनेंस
algal biomass,शैवाल जैवमात्रा
alginate,एल्जीनेट
alkaline phosphatase,क्षारीय फॉस्फेटेज
allantois,अपरापोषिका
allergen,प्रत्यूर्जक
allogenic,अपरजनिक
allograft,अगरनिरोप
allosteric site,अपर स्थल
allozyme,"1.अपरेंजाइम ,2.अपरप्रकिण्व"
ambisense RNA,संदिग्धसंवेद आर.एन.ए.
amensalism,"1.संदमनीस्पर्धा ,2.अमेन्सेलिज्म"
amino acid profile,ऐमीनोअम्ल परिच्छेदिका
amniotic fluid,उल्बीय तरल
amplification,प्रवर्धन
amplified fragment length,प्रवर्धित खंड लंबाई
anaemia,अरक्तता
anaerobic digester,अनॉक्सी पाचित्र
androgenesis,पुंजनन
animal cell line,प्राणी कोशिका वंशक्रम
annealing,तापानुशीतन
annotation,व्याख्या
antenatal diagnosis,प्रसूतिपूर्व निदान
antenatal haemoglobinopathies,प्रसूतिपूर्व हिमोग्लोबिन्अविकृति
anther culture,"1.पराग संवर्धन,2.पराग संवर्ध"
antibiosis,"1.प्रतिजीविता ,2.प्रतिजीवन"
antibiotic sensitivity,प्रतिजैविक सुग्राहिता
antibody,"1.प्रतिरक्षी ,2.प्रतिपिंड"
antibody array,प्रतिपिंड व्यूह
antibody engineering,प्रतिरक्षी अभियांत्रिकी
antibody mediated immuno response,प्रतिरक्षी माध्यित प्रतिरक्षा अनुक्रिया
antibody-dependent-cellular toxicity,प्रतिरक्षी निर्भर कोशिकीय आविषालुता
anticoagulant,प्रतिस्कंदक
anticoding strand,प्रतिप्रकूटन रज्जुक
anticodon,प्रतिप्रकूट
antigen antibody binding,प्रतिजत-प्रतिपिंड आबंधन
antigen determinant,प्रतिजन निर्धारक
antigen presenting cell (APC),प्रतिजन प्रस्तुतकर्ता कोशिका
antigen switching,प्रतिजन स्विचन
antigen-binding site,प्रतिजन आबंधक स्थल
antigen-class-I,प्रतिजन श्रेणी I
antigenic drift,प्रतिजनी विचलन
antigenic shift,प्रतिजनी विस्थापन
antigenicity,प्रतिजनत्व
antiglobulin test,प्रतिग्लोबुलिन परीक्षण
anti-idiotype antibody,प्रतिविशिष्टप्ररूप प्रतिरक्षि
anti-interferon,प्रतिइंटरफेरॉन
antimicrobial agent,प्रतिसूक्ष्मजीवी कारक
anti-oxidant,प्रतिऑक्सीकारक
antiparallel orientation,प्रतिसमांतर अभिविन्यास
antiport,प्रतिगमन
antisense,प्रति-अर्थ (प्रत्यर्थ)
antisense DNA,प्रत्यर्थ डी.एन.ए.
antisense RNA,प्रति-अर्थ (प्रत्यर्थ) आर.एन.ए
antisense strand,प्रति-अर्थ (प्रत्यर्थ) रज्जुक
antisense therapy,प्रतिअर्थ उपचार
antisense therapy,"प्रत्यर्थ उपचार ,प्रत्यर्थ चिकित्सा"
antisense-RNA,प्रत्यर्थ आर.एन.ए.
antiserum,प्रतिसीरम
antitoxin,प्रतिआविष
anti-tumor agent,प्रति अर्बुद कारक
antiviral agent,प्रतिविषाणुक कारक
anti-virulence gene,प्रतिउग्र जीन
AP endonuclease,ए.पी. एन्डोन्यूक्लिएज
apoptosis (Natural cell death),एपोप्टोसिस (प्राकृतिक कोशिका मृत्यु)
array,व्यूह
artifical insemination,कृत्रिम वीर्यसेचन
artificial gene,कृत्रिम जीन
artificial medium,कृत्रिम माध्यम
artificial seed,कृत्रिम बीज
aseptic condition,अपूतित अवस्था
assay,आमापन
attenuated vaccine,क्षीणीकृत टीका
attenuation,क्षीणन
auto-antigen,स्वप्रतिजन
autograft,स्वरोपण
autograft,स्वनिरोप
autoimmune disease,स्वप्रतिरक्षा रोग
autoinducer,स्वप्रेरक
autolysis,स्वलयन
automatic DNA sequencer,स्व डीएने अनुक्रमक
autonomously replicating sequence,स्वायत्ततः प्रतिकृतिकारी अनुक्रम
autoradiography,"1.स्वविकरणी चित्रण ,2.आटोरेडियोग्राफी"
auxin,ऑक्सिन
auxotroph,असर्वसंश्लेषी
avidin,ऐविडिन
avidity,योजीक्षमता
avirulent,अनुग्र
axenic culture,अनागंतुकी संवर्ध
axenic culture medium,असंदूषित संवर्ध माध्यम
Bacillus thuringiensis,बैसिलस थूरिंजिंएन्सिस
bacterial artificial chromosome,जीवाणु-कृत्रिम गुणसूत्र
bacterial lawn,जीवाणुक लॉन
bacteriophage,जीवाणुभोजी
bacteriorhodopsin,बैक्टीरिओरोडोप्सिन
bacteriostatic,जीवाणुनिरोधी
bacterization,जीवाणूयन
baculovirus,बैक्यूलोवायरस
baker's yeast,बेकर्स (नानबाई का खमीर)
base pair,क्षारक युग्म
batch culture,घान संवर्ध
batch fermentation,घान किण्वन
B-cell,बी.कोशिका
B-cotton,बी कपास
beadbed reactor,बीडबेड रिऐक्टर
beta galactosidase,बीटा गैलैक्टोसिडेज
beta lactam,बीटा लैक्टम
beta pleated sheet,बीटा वलित परत
bidirectional replication,द्विदिशिक प्रतिकृतीयन
bifunctional (shuttle) vector,द्विप्रकार्यात्मक संवाहक (शटल संवाहक)
binary vector,द्वि आधारी वेक्टर
binding protein,बंधन-प्रोटीन
bio control,जैव-नियंत्रण
bio cosmetics,बायो प्रसाधन सामग्री
bio electronics,जैव इलेक्ट्रॉनिकी
bio indicator,जैव संकेतक
bio methane,जैव मेथेन
bio polymer,जैव बहुलक
bio processing,जैव संसाधन
bio surfactant,जैव पृष्ठसक्रियक
bio-accumulation,जैव संचयन
bio-aeration,जैव वातन
bio-assay,जैव आमापन
bio-augmentation,जैव-सुवर्धन
bio-bead,जैव मणिका
bio-butanol,जैव ब्यूटानॉल
biochemistry,जैव रसायन
biochip,जैवचिप
bio-conservation,जैव-संरक्षण
bio-control,जैव-नियंत्रण
bio-degradation,"1.जैव निम्नन ,2.जैव निम्नीकरण"
bio-diesel,जैव डीज़ल
biodiversity,जैव विविधता
bio-dynamics,जैव गतिकी
bioenergetics,जैव-और्जिकी
bio-energy,जैव ऊर्जा
bio-engineering,"1.जैव अभियांत्रिकी ,2.जैव इंजीनियरी"
bio-ethanol,जैव एथनॉल
bio-ethics,जैव-आचारनीति
biofertilizer,जैव उर्वरक
biofilm,बायोफिल्म
biofilter,जैव-निस्पंदक
biofuel,जैवींधन
biogas,बायोगैस
biogel,बायो जेल
biogenesis,जीवात जनन
biohazards,"1.जैव जोखिम ,2.जैव संकट"
bio-informatics,जैव सूचनिकी
bio-lipstic,जैव लिपस्टिक
biolistics,बायोलिस्टिक्स
biological,"1.जीव ,2.जैव ,3.जैविक"
biological clock,जैव घड़ी
biological nitrogen fixation,जैविक नाइट्रोजन स्थिरण
biological oxygen demand (BOD),जैविक ऑक्सीजन आवश्यकता
biologics,जीवोत्पाद
biologism,जीवोपयोगितावाद
biologist,जीवविज्ञानी
biology,जीवविज्ञान
bioluminescence ,जैव संदीप्ति
bio-magnification,जैव आवर्धन
biomarker,जैव चिह्नक
biomass,जैव संहति
biomass energy,जैव संहति ऊर्जा
biometeorology,जीव म्औसम विज्ञान
biometer,जैव माप
biometrics,जीव सांख्यिकी
biometry,जैवमिति
bio-mineralization,"1.जैव खनिजीयन ,2.जैव खनिजन"
biomining,जैव खनन
biomolecule,जैव अणु
bionics,"1.बायोनिकी ,2.जैवनिकी (जैव इलेक्ट्रॉनिकी)"
bionomics,जीवपारिस्थितिकी
biopesticide,जैव पीड़कनाशी
biopharmaceutics,जैवभैषजिकी
biophilus,जीवरागी
biophysics,जीवभौतिकी
bioplasm,जीवद्रव्य
biopoiesis,जीवसृजन
bioprobe,जैव संपरीक्षक
biopsy,जीवोति परीक्षा
bio-reactor,बायो-रिएक्टर
bioremediation,जैवउपचारण
biosafety,जैवसुरक्षा
bioseed,जैव बीज
biosensor,जैवसंवेदक
biosphere,जीवम्अंडल
biostatistics,जैव सांख्यिकी
biostatistics,जीवसांख्यिकी जैव सांख्यिकी
biosynthesis,जैव संश्लेषण
biota,"1.जीवजगत् ,2.जीवसमूह"
biotechnology,जैव प्रौद्योगिकी
bio-terrorism,जैवआतंकवाद
biotic,जीवीय
biotin,बायोटिन
biotin labeling, वायोटिन लेबलन
biotype,जैवप्ररूप
BLAST (Basic local allignment tool),ब्लास्ट (बेसिक लोकल अलाइनमेन्ट सर्च टूल)
blastocoel,"1.कोरकगुहा ,2.ब्लास्टोसील"
blotting,शोषण
blotting technique,शोषी तकनीक
blue biotechnology,नील जैव प्रौद्योगिकी
blueend ligation,नील सिरा बंधन
blunt end,अनासंजी सिरा
blunt end ligation,अनासंजी सिरा बंधन
boll worms,गोलक शलभ
booster gene,अभिवर्धक जीन
botulism,बोटुलिनता
breeder's right,प्रजनक अधिकार
broad spectrum,"1.विस्तृत स्पेक्ट्रम ,2.(विशेषण) विस्तृत प्रभावी"
brood,"1.शाव,2.अंड ,3.भ्रूण"
broth,"1.ब्रॉथ ,2.यूष"
Bt-gene,बीटी जीन
building block,रचक खंड
building block molecule,रचक खंड अणु
buoyant density,उत्प्लावन घनत्व
by-product,"1.उपोत्पाद ,2.उपजात"
CAAT box,सी.ए.ए.टी बॉक्स
calatytic antibody (abzyme),"1.उत्प्रेरकी प्रतिपिंड ,2.उत्प्रेरकी प्रतिरक्षी (एब्जाइम)"
callus,कैलस
callus culture,"1.कैलस संवर्ध ,2.किणसैवर्ध"
caMV (cauliflower mosaic virus),कॉलिफ्लॉवर मोजेक विषाणु
cancerous gene,कैंसरी जीन
capping,"1.आच्छद (सं.) ,2.आच्छादन (क्रि.)"
capsid,"पेटिका ,कैप्सिड"
capsomere,पेटिकांशक
carbon nanotube,कार्बन नैनोनली
carboxylase,कार्बोक्सिलेस
carcinogenesis,कैन्सरजनन
carcinoma,"1.कार्सिनोमा ,2.उपकलार्बुद"
carrier,वाहक
carrier molecule,वाहक अणु
catalase,कैटालेज
catalyst,उत्प्रेरक
catalytic RNA,उत्प्रेरकी आर.एन.ए.
caulogenesis,स्तंभजनन
C-banding,सी. पट्टन
c-c-DNA,सी. डी.एन.ए (क्लोन डी एन ए)
cDNA array,सी.डी.एन.ए.व्यूह
cDNA microarray,सी.डी.एन.ए सूक्षमव्यूह
cell,कोशिका
cell count,कोशिका गणना
cell culture,"कोशिका-संवर्ध ,कोशिका संवर्धन"
cell cycle,कोशिका चक्र
cell death,कोशिका मृत्यु
cell differenciation,कोशिका विभेदन
cell disruption,कोशिका विदरण
cell doctrine,कोशिका - सिद्धांत
cell junction,कोशिका जंक्शन
cell line,कोशिका-वंश
cell mediated immunity,कोशिका माध्यित प्रतिरक्षा
cell signalling,कोशिका संकेतन
cell sorting,कोशिका पृथक्समूहन
cell suspension,कोशिका-निलंबन
cell viability assay,कोशिका जीवनक्षमता आमापन
cellular immunity,कोशिकीय प्रतिरक्षा
cellular oncogenesis,कोशिकीय अर्बुदजनन
cellularcytotoxicity,आविषालुता
central dogma,मूल सिद्धांत
centrifugation,अपकेंद्रण
centrifuge ,अपकेंद्रित्र
chaperonin ,चैपेरोनिन
chemiluminescence,रसासंदीप्ति
chilate,कीलेट
chimera (chimaera),"1.विचित्रक ,2.काइमिरा"
chimeric DNA,काइमिरी डी.एन.ए
chimeric protein,काइमिरी प्रोटीन
chromosomal exchange,गुणसूत्री विनिमय
chromatography,"1.वर्णलेख ,2.वर्णलेखिकी"
chromosome jumping,गुणसूत्र झंपन
chromosome mapping,गुणसूत्र मानचित्रण
chromosome painting,गुणसूत्र रंजन
chymotrypsin,काइमोट्रिप्सिन
circular DNA,वृत्ताकार डी.एन.ए
cis-acting protein,समपक्ष प्रभावी प्रोटीन
cis-configuration,समपक्ष-विन्यास
cis-trans effect,सम-पार प्रभाव
cistron कार्येक,सिस्ट्रॉन
clonal deletion,क्लोनी विलोपन
clonal propogation,क्लोनी प्रवर्धन
clone,क्लोन
clone bank,क्लोन बैंक
clone gene,क्लोन जीन
clone selection,क्लोन वरण
clone therapy,क्लोन चिकित्सा
cloning,क्लोनन
cloning efficiency,क्लोनन दक्षता
cloning site,क्लोनन स्थल
cloning vector,क्लोनन संवाहक
clover leaf model,त्रिपर्णी मॉडल
coagulation,स्कंदन
coat protein,आवरण प्रोटीन
co-cultivation,सह-कृषि
co-culture,"1.सह-संवर्ध , 2.सह-संवर्धन"
coding,"1.कोडन ,2.कूटन"
coding capacity,कोडन क्षमता
coding region,कोडन क्षेत्र
coding sequence,"1.कोडन अनुक्रम ,2.संकेतन अनुक्रम"
coding strand,कोडन रज्जुक
codon,"1.कोडॉन  ,2.प्रकूट"
co-enzyme,सह-ेन्जाइम
cofactor,सहकारक
cohesive end,संसंजी सिरा
co-integrative vector,सहसमेकित संवाहक
colony hybridization technique,निवह संकरण तकनीक
comb plate,कंकत पट्टिका
comparative genomics,तुलनात्मक जीनोमिकी
compatibility,"1.सुसंगति ,2.संगतता"
competence factor,सक्षमता कारक
complement,पूरक
complementarry DNA (CDNA),पूरक डी.एन.ए.
complementary base pair,पूरक क्षारक युग्म
complementary homopolymer,पूरक समबहुलक
complex (HLA complex),सम्मिश्र (एच एल ए सम्मिश्र)
complexity of DNA,डी.एन.ए. सम्मिश्रता
concaterer,संशृंखलावयव
concatenate,संशृंखल
consortism,सहजीवता
consortium,संकाय
constitutive enzyme,रचक एन्जाइम
contact point,संपर्क बिंदु
contiguous gene,आसन्न जीन
continuous culture,अविरत संवर्धन
copy number,प्रतिरूप संख्या
co-receptor,सहग्राही
core-enzyme (RNA polymerase),क्रोड एन्जाइम (आर.एन.ए. पॉलिमरेज)
cos site,कॉस स्थल
cosmid,कॉस्मिड
cot (=concentration time) curve,कॉट (सांद्रण काल) वक्र
cot plot,कॉट प्लॉट
cp DNA (chloroplast DNA),सीपी डी.एन.ए. (हरित लवक डी.एन.ए.)
crop improvement,सस्य सुधार
crop preservation,सस्य परिरक्षण
crop protection,सस्य रक्षण
crown gall,किरीट पिटिका
CRP protein,सी -अभिक्रियाशील प्रोटीन
cry protein (bt protein),क्राई प्रोटीन (bt प्रोटीन)
crybiology,हिमजैविकी
cryo bank,निम्नताप बैंक
cryo protectant,हिमनरक्षी
cryo-preservation,निम्नताप परिरक्षण
cryoprotein,निम्नताप प्रोटीन
cybrid,"1.साइब्रिड ,2.कोसंकर(कोशिका द्रव्यसंकर)"
cyclic AMP (CAMP),चक्रीय ए.एम.पी
cyclin,साइक्लिन
cystic fibrosis,पुटीय रेशामयता
cytotoxic,कोशिकाआविषी
cytotoxic killer lymphocyte,कोशिकाआविषी मारक लसीकाणु
cytotoxic T cell,कोशिकाआविषी  टी. कोशिका
d. loop,डी. पाश
database,डेटाबेस
ddRNAI,डी डी आर. एन.ए.आई
deamination,विऐमीनन
deaminization,विऐमीनीयन
defective viral genome,सदोष विषाण्वीय संजीन
defective virus,सदोष विषाणु
deficiency,न्यूनता
deficiency syndrome,न्यूनता संलक्षण
defined medium,निश्चित माध्यम
degenerate codon,अपह्रासित प्रकूट
dehydrogenase,डिहाइड्रोजेनेज
dehydrogenesis,विहाइड्रोजनन
deletion,विलोपन
delta endotoxin,डेल्टा अंतराविष
denaturation,"1.विकृतीयन ,2.विकृतन"
denatured DNA,विकृतीकृत डी.एन.ए.
deoxyribonucleic acid (DNA),डीऑक्सीराइबोन्यूक्लीक अम्ल
diagnosis,निदान
diagnostic,नैदानिक
dialysis fermenter,अपोहन किण्वक
diazotroph,डाइएजोट्रॉफ
differentiation,विभेदन
digester (anaerobic),संपाचित्र
dinucleotide (NAD),डाइन्यूक्लिओटाइड (एन ए डी)
diphtheria toxin,डिप्थीरिया आविष
direct transfer,प्रत्यक्ष अंतरण
disarmed plasmid,अबलीकृत प्लाज्मिड
disarming,अबलीकरण
diversity,विविधता
diversity biotechnology,विविधता जैवप्रौद्योगिकी
DNA bridge,डी.एन.ए. सेतु
DNA helicase,डी.एन.ए. हेलिकेज
DNA amplification,डी.एन.ए. प्रवर्धन
DNA analysis,डी.एन.ए. विश्लेषण
DNA chimera,डी.एन.ए. विचित्रक
DNA chip,डी.एन.ए. चिप
DNA cloning,डी.एन.ए. क्लोनन
DNA delivery system,डी.एन.ए. दाति तंत्र
DNA dependent-RNA polymerase,डी.एन.ए. आश्रित- आर.एन.ए. पॉलिमरेज
DNA directed RNA interference,डी.एन.ए. निर्देशित आर.एन.ए. व्यतिकरण
DNA finger printing,डी.एन.ए. फिंगर प्रिंटिग
DNA fragmentation,डी.एन.ए. खंडन
DNA ligase,डी.एन.ए. लाइगेज
DNA marker,डी.एन.ए. चिहनक
DNA melting temperature,डी.एन.ए. विरज्जुकन तापमान
DNA methylase,डी.एन.ए. मेथिलेज
DNA methylation,डी.एन.ए. मेथिलन
DNA polymerase,डी.एन.ए. पॉलिमरेज
DNA probe,डी.एन.ए. संपरीक्षक
DNA profiling,डी.एन.ए. परिच्छेदिकायन
DNA repair,डी.एन.ए. क्षति सुधार
DNA synthesis,डी.एन.ए. संश्लेषण
DNA synthesizer,डी.एन.ए. संश्लेषक
DNA typing,डी.एन.ए. टाइपिंग
DNA vaccine,डी.एन.ए. वैक्सीन
DNA vector,डी.एन.ए. संवाहक
DNA-RNA hybrid,डी.एन.ए.-आर.एन.ए. संकर
domain (of chromosome),प्रक्षेत्र (गुणसूत्र का)
domain (of protein),प्रक्षेत्र (प्रोटीन का)
dominant gene,प्रभावी जीन
dot blotting technique,बिंदु शोषण तकनीक
double crossover,द्विक् विनिमयजक
double haploid,द्वि अगुणित
double helix,द्विक् कुंडलिनी
doubling time,द्विगुणन काल
downstream processing,अनुप्रवाह प्रक्रिया
drug delivery,औषधि दाति
drug designing,औषधि परिरूपण
drug targeting,औषधि लक्ष्यांकन
ds DNA (double stranded DNA),डी.एस डी.एन.ए (द्वि-रज्जुक डी.एन.ए.)
ds RNA (double stranded RNA),डी.एस-आर.एन.ए.(द्वि-रज्जुक आर.एन.ए)
ds-element,"1.डी एस तत्व, 2.डी एस अवयव"
duplex DNA,वैध डी.एन.ए.
early protein,पूर्व प्रोटीन
ectoderm,"1.बाह्य उपकला ,2.बाह्य चर्म"
edible vaccine,खादय वैक्सीन
editing,संपादन
effector,"1.प्रभावी ,2.प्रभावित्र"
EGF factor,ई.जी.एफ. कारक
EGF receptor,ई.जी.एफ. ग्राही
egg,"1.अंडा ,2.अंड"
egg cell,अंड कोशिका
electroelution,वैद्युत निक्षालन
electrofusion,विद्युत् संलयन
electrolyte,विद्युतअपघट्य
electron carrier,इलक्ट्रॉन संवाहक
electrophoresis,वैद्युतकण संचलन
electroporation,वैद्युतप्रवेशन
ELISA (Enzyme linked immunosorbent),एलाइजा (एंजाइम सहलग्न प्रतिरक्षा शोषक)
eluate,निक्षालित करना
elution,निक्षालन
embryo clump,भ्रूण संपुजन
embryo culture,भ्रूण संवर्धन
embryo rescue,भ्रूण बचाव
embryo splitting,भ्रूण विपाटन
embryo transfer,भ्रूण स्थानांतरण
embryogenesis,भ्रूणोद्भव
embryoid,भ्रूणाभ
embryonic stem cell,भ्रूणीय मूल कोशिका
emulsion,"1. पायस ,2.इमल्शन"
encode,कोडित करना
end labelling,अंतलेबलन
endocrine,अंतःस्रावी
endocrine cell,अंतःस्रावी कोशिका
endocrinology,अंतःस्राविकी
endoderm,"1.अंतस्त्वचा ,2.अंतश्चर्म"
endodermal adult stem cell,अंतश्चर्मी वयस्क मूल कोशिका
endometrium,गर्भाशय अंतःस्तर
endo-nuclease,एंडो-न्यूक्लिएज
endorphin,एंडोर्फिन
endostatin,इंडोस्टेटिन
endosymbiont,अंतःसहजीवी
endotoxin,अंतः आविष (अंतराविष)
engineered,अभियांत्रित
engineered antibody,अभियांत्रित प्रतिरक्षी
engineered micro organism),अभियांत्रित सूक्ष्मजीव)
engineering,"1.अभियांत्रिकी ,2.इंजीनियरी"
enhacer,संवृद्धिकारक
enhanced nutrition crop,संवर्धित पोषक फसल
enterotoxin,आंत्राविष
environmental biotechnology,पर्यावरणीय प्रौद्योगिकी
enzyme,"1.प्रकिण्व ,2.एन्जाइम"
enzyme denaturation,एन्जाइम विकृतीकरण
epidermal growth receptor,अधिचर्म वृद्धि ग्राही
episome,अधिकाय
epistatic gene,प्रबल जीन
epitope,अधिस्थानिक (प्रतिजनी निर्धारक)
erythrocyte,रक्ताणु
erythropoiesis,रक्ताणुउत्पत्ति
erythropoietin,एरिथ्रोपोईटिन
ethylene glycol,ऐथिलीन ग्लाइकॉल
euchromatin,यूक्रोमेटिन
eugenic engineering,सुजननिक अभियांत्रिकी
ex situ,बाह्य स्थाने
excison,उच्छेदन
excitation,उत्तेजन
exogenote,बहिर्सत्रांश
exon,एक्सॉन
exonuclease,एक्सोन्यूक्लिएज
exotoxin,बहिःआविष
expanded repeat,विस्तारित पुनरावृत्ति
explant,बहिरोप
exponential phase,चरघातांकी प्रावस्था
export,निर्यात
express sequence tag (EST),तीव्रगामी अनुक्रम टैग (EST)
expression array,अभिव्यक्ति सरणी
expression profiling,अभिव्यक्ति परिच्छेदिकायन
expression vector,अभिव्यक्ति संवाहक
extension,"1.विस्तार ,2.विस्तारण"
extracellular,कोशिकाबाह्य
extracellular enzyme,कोशिका-बाह्य एन्जाइम
extrachromosomal DNA,गुणसूत्र-बाह्यं डी.एन.ए.
extranuclear,केंद्रक-बाह्य
extranuclear gene,केंद्रक बाह्य जीन
extremophile,चरमरागी
extremozyme,चरमप्रकिण्व
f. factor (fertility factor),एफ.कारक (निषेच्यता कारक)
fab fragment antigem,फेब खंड प्रतिजन
factor (PDGF),कारक (पी.डी.जी.एफ.)
famentation,किण्वन
feed back fermentation,पुनर्भरण किण्वन
fermentor,किण्वनकारी
fertilization,"1.निषेचन ,2.उर्वरण"
FGF (fibroblast growth factor),एफ.जी.एफ. (रेशकोरक वृद्धिकारक)
fibrinogen,फाइब्रिनोजन
fibroblast,रेशकोरक
fibronectin,फाइब्रोनेक्टिन
filament,तंतु
filamentorus bacteriophage,तंतुमय जीवाणुभोजी
finger protein,फिंगर प्रोटीन
FISH (fluorescence in situ hybridization),फिश (प्रतिदीप्ति स्थाने संकरण)
fluorescence,प्रतिदीप्ति
fluoro-animal,प्रतिदीप्तिप्राणी
fluorogenic probe,प्रतिदीप्तिकर संपरीक्षण
fluorophore,फ्ल्यूरोफोर
folded genome,वलित संजीन
footprinting,फुट प्रिंटिंग
foreign DNA,विजातीय डी.एन.ए.
forward mutation,अग्र उत्परिवर्तन
fouling,परिदूषण
fragmentation,खंडन
frameshift,प्राधार-सृति
framework region,प्राधार क्षेत्र
free radical,मुक्त मूलक
freezing,हिमन
fuel biotechnology,ईंधन जैवप्रौद्योगिकी
functional genomics,प्रकार्यात्मक संजीनिकी
functional protein microarray,प्रकार्यात्मक प्रोटीन सूक्ष्मव्यूह
fusion gene,संलयन जीन
fusion protein,संलयन प्रोटीन
fusogenic agent,संलयनजनी कारक
galactosemia,गैलेक्टोसीमया
gama heavy chain,गामा बृहद् शृंखला
gama interferon,गामा इंटरफेरोन
gamma globulin,गामा ग्लोबुलीन
gamma interferon,गामा इंटरफेरॉन
gap,अंतराल
gap junction,अंतराल संधि
gap-ligase chain reaction,अंतराल लाइगेज शृंखला अभिक्रिया
gastrocoel,"1.कंदुकगुहा ,2.जठरगुहा"
gastrula,"1.कंदुक ,2.गैस्टुला"
gastrulation,"1.कंन्दुकन ,2.गैस्टुलाभवन"
gated channel,द्वारित प्रणाल
gated transport,दवारीय परिगमन
g-binding,जी-बंधन
G-cap,जी-कैप
gel difusion test,जेल विसरण परीक्षण
gel electrophoresis,जेल वैद्युतकणसंचलन
gel filtration,जेल निस्यंदन
gel staining,जेल अभिरंजन
GEM (genetically engineered micro-organism),जी.ई.एम. (आनुवंशिकतः अभियंत्रित सूक्ष्मजीव)
gene activation,जीन सक्रियण
gene amplification,जीन प्रवर्धन
gene array system,जीन व्यूह पद्धति
gene bank,जीन बैंक
gene chip,जीन चिप
gene cloning,जीन क्लोनन
gene cluster,जीन गुच्छ
gene conversion,जीन परिवर्तन
gene correction,जीन सुधार
gene deletion,जीन लोपन
gene delivery,जीन दाति
gene disruption,जीन विदारण
gene expression,जीन अभिव्यक्ति
gene expression analysis,जीन अभिव्यक्ति विश्लेषण
gene expression cascade,जीन अभिव्यक्ति सोपान
gene expression marker,जीन अभिव्यक्ति चिह्नक
gene expression profiling,जीन अभिव्यक्ति परिच्छेदिकायन
gene farming,जीन कृषि
gene function analysis,जीन प्रकार्य विश्लेषण
gene fusion,जीन संलयन
gene gun,जीन गन
gene imprinting,जीन अध्यंकन
gene insert,जीन निवेश
gene insertion,जीन निवेशन
gene knockout,जीन निरसन
gene library,जीन-संग्रह
gene locus,जीन विस्थल
gene machine,जीन मशीन
gene magnification,जीन आवर्धन
gene manipulation,जीन हेरफेर
gene map,जीन मानचित्र
gene mapping,जीन मानचित्रण
gene marker,जीन चिहनक
gene pool,जीन कोश
gene probe,जीन संपरीक्षक
gene regulatory protein,जीन नियामक प्रोटीन
gene repair,जीन क्षतिसुधार
gene replacement therapy,जीन प्रतिस्थापन उपचार
gene silencing,जीन शमन
gene splicing,जीन संमबंधन
gene stacking,जीन चितिकरण
gene switching,जीन स्विचन
gene tagging,जीन टैगन
gene therapy,जीन चिकित्सा
gene transcript,जीन अनुलेख
gene transfer,जीन अंतरण
generation,"1.जनन ,2.पीढ़ी"
generation time,"1.जनन काल ,2.पीढ़ी काल"
genesis,उत्पत्ति
genetic barrier,आनुवंशिक रोध
genetic code,आनुवंशिक कूट
genetic defect,आनुवंशिक दोष
genetic disease,आनुवंशिक रोग
genetic drift,आनुवंशिक विचलन
genetic engineering,आनुवंशिक अभियांत्रिकी
genetic finger printing,आनुवंशिक फिगर प्रिंटिंग
genetic linkage,आनुवंशिक सहलग्नता
genetic polymorphism,आनुवंशिक बहुरूपता
genetic recombination,आनुवंशिक पुनर्योजन
genetyping,जीनटाइपिंग
genome,संजीन
genome projcet,संजीन परियोजना
genomic blotting,संजीनी शोषण
genomic library,संजीनीय संग्रह
genomics,संजीनिकी
glycosylation,ग्लाइकोसिलेशन
G-Protein,जी-प्रोटीन
G-Protein coupled receptor,जी-प्रोटीन युग्मित ग्राही
grafter,निरोपक
Gram stain,ग्रैम अभिरंजक
granulocite,कणिकाणु
GRAS (generally regarded as safe),जी.आर.ए.एस. (प्रायः सुरक्षित मान्य)
groove,"1.खांचा ,2.खांच"
growth,वृद्धि
growth curve,वृद्धि वक्र
growth factor,वृद्धिकारक
growth factor receptor,वृद्धिकारक ग्राही
growth phase,वृद्धि प्रावस्था
growth regulator,वृद्धि नियामक
hair pin loop,बाल पिन पाश
haploid insufficient,अगुणित अपर्याप्त
hardening,कठोरण
heat shock protein,ऊष्मा प्रघात प्रोटीन
heavy chain,दीर्घ शृंखला
helha cell line,हिला कोशिका वंशक्रम
helix destabilization protein,कुंडलिनी अस्थायीकर प्रोटीन
helper plasmid,सहायक प्लाज्मिड
helper T-cell,सहायक टी– कोशिका
helper virus,सहायक विषाणु
hemagglutination,रुधिरसमूहन
hemagglutination inhibition,रुधिरसमूहन संदमन
hemoglobin,हीमोग्लोबिन
hemolysin,हीमोलाइसिन
hemopoietic stain cell,रक्तोत्पादक अभिरंजन कोशिका
hepatitis,यकृतशोथ
hepatoma,यकृतार्बुद
hepton,हेप्टॉन
hetero duplex,विषमवैध
hetero duplex mapping,विषम वैध प्रतिचित्रण
hetero lactic fermentation,विषम लैक्टिक किण्वन
heterogenous nuclear RNA,विषमांग केंद्रक आर.एन.ए.
heterogenus RNA,विषमांगी आर.एन.ए.
heterograft,विषमरोपण
heterologous protein,विषमजात प्रोटीन
heterologus probe,विषमजात संपरीक्षक
heterologus promoter,विषमजात उन्नायक
high density lypoprotein,उच्च घनत्व लाइपोप्रोटीन
high resolution map,उच्च विभेदन मानचित्र
Hill reaction,हिल अभिक्रिया
histocompatibility antigen,ऊतकसुसंगति प्रतिजन
histology,ऊतकविज्ञान
histolysis,ऊतकलयन
histotroph,ऊतकपोषी
hogness box (TATA box),हॉग्नेस बॉक्स (टाटा बॉक्स)
homofermentation,समकिण्वन
homologous,समजात
homologue,"1.समजात ,2.समजातीय"
homopolymer,समबहुलक
homopolymer tail,समबहुलक पुच्छ
horseradish peroxidase,हॉर्सरैडिस परॉक्सिडेज
house keeping gene,प्रबंधन जीन्अ
human artificial chromosome,मानव कृत्रिम गुणसूत्र
human gene map,मानव जीन मानचित्र
human genome,मानव संजीन
human genome project,मानव संजीन्अ परियोजना
human immuno deficiency virus,मानव प्रतिरक्षा न्यूनता विषाणु (एचाईवी)
human leucocyte antigen complex,मानव श्वेताणु प्रतिजन सम्मिश्र
humanized antibody,मानवीकृत प्रतिरक्षी
humoral immune response,तरल प्रतिरक्षा अनुक्रिया
humoral immunity,तरल  प्रतिरक्षा
hybrid arrested translation,संकर रुद्ध अनुवाद
hybrid cell,संकर कोशिका
hybrid protoplast,संकर जीवद्रव्यक
hybrid seed,संकर बीज
hybrid selection,संकर वरण
hybrid sorting,संकर छंटाई
hybridization,संकरण
hybridoma,संकरार्बुद
hydrogen uptake gene,हाइड्रोजन उद्ग्रहण जीन
hydroxyl end,हाइड्रॉक्सिल अंत्य
hyper sensitivity,"1.अति सुग्राहिता ,2.अति संवेदनशीलता"
hyper variable,अतिपरिवर्ती
hyper variable segment,अतिपरिवर्ती खंड
idioblast,"1.विशिष्ट कोरक ,2.विचित्र कोशिका"
idiotope,"1.विशिष्ट स्थानी ,2.इडियोटोप"
idiotype,विशिष्ट प्ररूप
idiotypic determinant,विशिष्ट प्ररूपी निर्धारक
IFN-alpha (interferon Alfa),आइ.एफ.एन. ऐल्फा (इंटरफेरॉन ऐल्फा)
immobilization,निश्चलन
immobilized enzyme,निश्चलित एंजाइम
immune,प्रतिरक्षित
immune effector site,प्रतिरक्षा प्रभावी स्थल
immune response,प्रतिरक्षा अनुक्रिया
immune surveillance,प्रतिरक्षा निगरानी
immune system,प्रतिरक्षा तंत्र
immunization,प्रतिरक्षण
immuno assay,प्रतिरक्षी आमाप
immuno conjugate,प्रतिरक्षी संयुग्मी
immuno diffusion,प्रतिरक्षा विसरण
immuno elimination,प्रतिरक्षा निराकरण
immuno sensor,प्रतिरक्षा संवेदक
immuno serology,प्रतिरक्षा सीरमिकी
immuno sorbant assay,प्रतिरक्षा शोषी आमापन
immuno suppressor,प्रतिरक्षा निरोधक
immuno adhesion,प्रतिरक्षी आसंजन
immuno blotting,प्रतिरक्षी शोषण
immunodeficiency,प्रतिरक्षा न्यूनता
immunogen,प्रतिरक्षाजन
immunoglobulin,प्रतिरक्षाग्लोबुलिन
immunological competence,प्रतिरक्षात्मक सामर्थ्य
immunological rejection,प्रतिरक्षात्मक अस्वीकरण
immunology,प्रतिरक्षाविज्ञान
immunotoxin,प्रतिरक्षाआविष
implant,अंतर्रोप
imprinting,अध्यंकन
in vitro fertilization,पात्रे निषेचन
incapsidation,पेटिकन
inclusion,"1.अंतर्वेश ,2.अंतरंगक"
inclusion body,अंतर्विष्ट पिंड
incompatibility,असंगतता
incorporation,समावेशन
incubation,"1.ऊष्मायन ,2.उद्भवन"
idiogram,"1.विशिष्ट आरेख ,2.इडियोग्राम"
indirect end labelling,परोक्ष अंत्य लेबलन
inducer,प्रेरक
inducible enzyme,प्रेरणीय एंजाइम
induction,प्रेरण
industrial biotechnology,औद्योगिक जैव प्रौद्योगिकी
inert,अक्रिय
infection,संक्रमण
infestation,ग्रसन
inflammation,शोथ
informational RNA (iRNA),सूचना आर.एन.ए.(आई.आर.एन.ए.)
inhibition,संदमन
inhibitor,संदमक
inhibitor factor,संदमनी कारक
initiation,प्रारंभन
initiation codon,प्रारंभन प्रकूट
initiation factor,प्रारंभन कारक
initiation signal,प्रारंभन संकेत
initiation site,प्रारंभन स्थल
initiator,प्रारंभक
initiator t.RNA,प्रारंभक टी.आर.एन.ए.
injection,अंतःक्षेपण
innate immunity,सहज प्रतिरक्षा
inner cell mass,आंतरिक कोशिका पुंज
inoculant,"1.संरोप्य ,2.निवेश्य"
inoculation,"1.संरोपण ,2.निवेशन,3.टीकाकरण"
inoculum,"1.संरोपद्रव्य ,2.निवेश द्रव्य"
insertion,निवेश
insertion sequence (IS),निवेशन अनुक्रम (आई.एस.)
insertion vector,निवेश संवाहक
insertional element,निवेश तत्व
insertional inactivation,निवेश निष्क्रियण
insertional mutagenesis,निवेशी उत्परिवर्तनजन
in-situ,स्व स्थाने
integerator gene,समाकलक जीन
integral membrane protein,अंगभूत झिल्ली प्रोटीन
integrating vector,एकीकर संवाहक
integration,"1.एकीकरण ,2.समाकलन"
integration site,समाकलन स्थल
inter cistronic region,अंतः कार्येकी क्षेत्र
intercellular,अंतःकोशिकीय
interference,"1.व्यतिकरण ,2.अंतरक्षेप"
interferon,इंटरफेरॉन
intergeneric,अंतरावंशीय
intervening seqence,मध्यवर्ती अनुक्रम
intraclonal,आंतरक्लोनी
intragenic,अंतराजीनी
intron intervening sequence,इंट्रॉन मध्यवर्ती अनुक्रम
inversion,"1.व्युत्क्रमण ,2.प्रतिलोमन"
inverted repeat,प्रतिलोमित पुनरावर्त
inverted repeat,व्युत्क्रमित पुनरावर्त
inverted sequence,प्रतिलोमित अनुक्रम
inverted terminal repeat,प्रतिलोमित अंत्य पुनरावर्त
inverted terminal repeat,व्युत्क्रमित अंत्य पुनरावर्त
in-vitro,पात्रे
in-vitro mutagenesis,पात्रे उत्परिवर्तन
in-vitro selection,पात्रे वरण
in-vitro translation,पात्रे अनुवाद
in-vivo,जीवे
in-vivo gene therapy,जीवे जीन चिकित्सा
ion channel,ऑयन प्रणाल
ion exchange region,आयन विनिमय क्षेत्र
ionisation (MALDI),आयनीकरण (मालडी)
isoelectric point,समवैद्युत बिंदु
isoform,समरूप
isograft,समनिरोप
isomer,समावयवी
J-gene,"1.जे-जीन ,2.संधि जीन"
jumping gene,झंपकारी जीन
junction,संधिस्थल
junk DNA,अनुपयोगी डी.एन.ए.
k. cal,के. कैल
kappa chain,कप्पा शृंखला
kappa particle,कप्पा कण
karyokinesis,केंद्रकविभाजन
karyolysis,केंद्रकलयन
karyotype,केंद्रकप्ररूप
kbp (kilo base pair),के.बी.पी. (किलो क्षारक युग्म)
key gene,मुख्य जीन
killed vaccine,मृतक वैक्सीन
killer cell (k.cell),मारक कोशिका (के.कोशिका)
kinetochore,गति बिंदु
knockout mouse,निरसन मूस
kuru disease,कुरूरोग
lac operon,लैक प्रचालेक
lac plasmid,लैक प्लाज्मिड
lac promotor,लैक उन्नायक
lac regressor,लैक प्रतिक्रामी
lac repressor,लैक दमनकारी
lacto pherrin,लैक्टो फेरिन
lag phase,पश्चता प्रावस्था
lagging strand,पश्च रज्जुक
lambda cloning vector,लैम्डा क्लोनन संवाहक
lambda integrase,लैम्डा इंटीग्रेज
lambda phage,लैम्डा विभोजी
landfill site,भूमिभरण स्थल
late gene,विलंबी जीन
late protein,पश्च प्रोटीन
latent period,"1.प्रसुप्त अवधि ,2.अव्यक्त काल"
latent virus,प्रसुप्त विषाणु
lawn,संस्तर
leaching,निक्षालन
leader protein,अग्रग प्रोटीन
leader sequence,अग्रग अनुक्रम
leaky gene,क्षर जीन
leaky mutation,क्षर उत्परिवर्तन
left splicing junction,वाम समबंधन संधि
leghaemogloulin,लेगहीमोग्लोबुलिन
lentivirus,लेन्टिविषाणु
lethal,घातक
lethal dose,घातक मात्रा
lethal gene,घातक जीन
lethal mutation,घातक उत्परिवर्तन
lethal synthesis,घातक संश्लेषण
leuckaemia (leukemia),श्वेताणुरक्तता
leucoblast,श्वेताणुकोरक
leucocyte,श्वेताणु
leucocytosis,श्वेताणुता
leukopenia,श्वेताणुअल्पता
l-form of bacteria,एल-रूप जीवाणु
life cycle,जीवन चक्र
ligand,संलग्नी
ligand gated ion channel,संलग्नी द्वारित आयन चैनल
ligase,लाइगेज
ligation,बंधन
light chain (L.chain),लघु शृंखला (एल शृंखला)
linear,"1.रैखिक ,2.रेखीय"
linear sequence,रैखिक अनुक्रम
linkage map,सहलग्नता मानचित्र
linker,योजक
linker bilayer,वसा द्वीपरत
linker DNA,योजक डी.एन.ए.
lipid transfer protein,लिपिड अंतरण प्रोटीन
lipofection,लाइपोफेक्शन
lipogenous,वसा जनक
lipopolysaccharide,लिपोपॉलिसैकेराइड
lipoprotein,लिपोप्रोटीन
liquid nitrogen,द्रव नाइट्रोजन
live virus vaccine,सजीव विषाणु टीका
living cell,सजीव कोशिका
lobe,"1.पिंडक ,2. पालि, 3. अंश"
loci,विस्थल
locus specific,विस्थल विशेष
log phase,लॉग प्रावस्था
log phase,लघु प्रावस्था
long terminal repeat,दीर्घ अंत्य पुनरावर्त
low density,अल्प घनत्व
LTR (long terminal repeat),एल.टी.आर. (दीर्घ अन्य पुनरावर्त)
luciferase,ल्यूसीफेरेज
luciferin,ल्यूसीफेरीन
luxury gene,समृद्ध जीन
lyase,लाइएज
lymph,लसीका
lymphoid cell,लसीकाभ कोशिका
lymphoid stem cell,लसिकाभ मल कोशिका
lymphoid tissue,लसीकाभ ऊतक
lysate,लयजात
lysis,"1.लयन ,2.लय , 3. अपघटन"
lysogen,लयजन
lysogenic,"1.लयजनी ,2.लयनिक, 3.अपघटनी"
lysogenic cycle,लयजनी च
lysogenic immunity,लयजनी प्रतिरक्षा
lysogenic phage,लयजनी विभोजी
lysogenic repressor,लयजनक दमनकर
lysogenic strain,लयजनी प्रभेद
lysogenicity,लयजनता
lysogeny,लयजनन
lysogyme,लाइसोजाइम
lytic cycle,लयन चक्र
lytic growth,लयन वृद्धि
lytic phage,लयन विभोजी
lytic response,लयन अनुक्रिया
lytic virus,लयन विषाणु
m- phase (of cell),एम. प्रावस्था (कोशिकीय)
macroleucocyte,महाश्वेताणु
macromolecular component,महाआण्विक घटक
macromolecule,महाअणु
macronucleocyte,महाकेंद्रकाणु
macronucleus,महाकेंद्रक
macrophage,महाभक्षकाणु
macrophagous (macrophagic),महाभक्षी
magic bullet,"1.माया गोली ,2.मैजिक बुलेट"
magnetic bead,चुंबकीय मणिका
magnetic cell sorting,चुंबकीय कोशिका शाटन
major campatibility complex (MHC),प्रमुख सुसंगत सम्मिश्र (एम एच सी)
major gene,प्रमुख जीन
major histocompatibility antigen,प्रमुख ऊत्अकसुसंगति प्रतिजन
malignant tumour,दुर्दम अर्बुद
mannose 6 phosphate receptor,मैनोस ६-फॉस्फेट ग्राही
map distance,मानचित्र दूरी
map unit,मानचित्र इकाई
mapping (of genome),मानचित्रण (संजीन का)
marker,चिह्नक
marker (DNA marker),चिह्नक (डी.एन.ए. चिह्नक)
marker assisted breeding,चिह्नक सहाय प्रजनन
marker assisted selection,चिह्नक सहाय वरण
marrow,मज्जा
marrow cavity,मज्जा गुहा
mast cell,मास्ट कोशिका
maternal effector gene,मातृ प्रभावी जीन संगम प्ररूप
mating type,संगम प्ररूप
matrix-assisted laser desorption,आधात्री-सहाय लेजर विशोषण
Maxam Gilbert sequencing,मैक्साम-गिलबर्ट अनुक्रमण
Maxam Gilbert technique,मैक्साम-गिलबर्ट तकनीक
mediated gene therapy,माध्यित जीन उपचार
medium,माध्यम
mega yeast artificial chromosome (mega yak),बृहत् यीस्ट कृत्रिम गुणसूत्र (मेगा-याक)
megabare,"1.महााधार ,2. बृहदारधार"
megablast,अतिकोरक
megachromosome,बृहत्गुणसूत्र
megakaryocyte,महाकेंद्रकाणु
meiosis,अर्धसूत्रण
melting of DNA,डी.एन.ए. का विरज्जुकन
melting profile,विरज्जुकन प्रोफाइल
melting temperature,विरज्जुकन ताप
membrane,"1.झिल्ली ,2.कला"
membrane channel,झिल्ली प्रणाल
membrane filter,झिल्ली निस्यंदक
membrane permeability,झिल्ली पारगम्यता
membrane potential,झिल्ली विभव
membrane protein,झिल्ली प्रोटीन
membrane transport,झिल्ली अभिगमन
membrane transport protein,झिल्ली अभिगामी प्रोटीन
memory cell,स्मृति कोशिका
mentor technology,मेन्टर प्रौद्योगिकी
messenger RNA (m.RNA),दूत आर.एन.ए. (एम आर.एन.ए)
metabolic engineering,उपापचयी इंजीनियरी
metabolic mutant,उपापचयी उत्परिवर्ती
metabolic pathway,उपापचयी पथ
metabolism,उपापचय
metabolite,उपापचयज
metabolite profiling,उपापचयज प्रोफाइलन
metabolome,मेटाबोलोम
metabolomics,मेटाबोलोमिक्स
metafemale,अधिमादा
metallo enzyme,धातु एन्जाइम
metalloprotein,धातु प्रोटीन
metastasis,"1.परास्थापन , 2.मैटास्टेसिस"
methylase,मेथिलेज
methylation,मेथिलन
micelle,मिसेल
Michaelis Manten kinetics,माइकेलिस-मैन्टन गतिकी
micro filament,सूक्ष्म तंतु
micro RNA,सूक्ष्म आर.एन.ए.
microarray,सूक्ष्मव्यूह
microbial leaching,सूक्ष्मजैविक निक्षालन
microbiology,सूक्ष्मजीवविज्ञान सूक्ष्मजैविकी
microcarrier,सूक्ष्मवाहक
microconjugant,सूक्ष्मसंयुग्मी
microinjection,सूक्ष्मअंतःक्षेपण
micromolecule,सूक्ष्म अणु
microorganism,सूक्ष्मजीव
micropropagation,सूक्ष्म-प्रवर्धन
microsatellite DNA,सूक्ष्म अनुषंगी डी.एन.ए.
microscope,सूक्ष्मदर्शी
microscopy,सूक्ष्मदर्शिकी
microsensor,मािक्रोसेन्सर
microsome,सूक्ष्मकाय
microsurgery,सूक्ष्म शल्यकर्म
minimun inhibitory concetration,न्यूनतम संदमनी सांद्रण
miniprep,लघुनिर्मित
minus strand,ऋण रज्जुक
mismatch,"1.बेमेल ,2.कुयुग्म"
mismatch repair,कुयुग्मन क्षतिसुधार
missense mutant,अपार्थक उत्परिवर्ती
missense mutation,अपार्थक उत्परिवर्तन
mitotic index,समसूत्रणी सूचकांक
modification enzyme,आपरिवर्तन एंजाइम
modulation,मॉडुलन
molal solution,ग्राम-आणव विलयन
molecular biology,अणु जैविकी
molecular breeding,आण्विक प्रजनन
molecular chaperon,आण्विक चैपरोन
molecular cloning,आण्विक क्लोनन
molecular evolution,आण्विक विकास
molecular farming,अणु कृषि
molecular finger printing,आण्विक फिंगर प्रिंटिंग
molecular genetics,अणु आनुवंशिकी
molecular hybridization,आण्विक संकरण
molecular structure,आण्विक संरचना
molecular weight,"1.आण्विक भार ,2.अणु भार"
monocistronic m-RNA,एकल कार्येकीय दूत आर.एन.ए.
monolayer,एकस्तरी
monomer,एकलक
monosaccharide,मोनो सैकेराइड
m-RNA splicing,एम.आर.एन.ए. संबंधन
mt.DNA (mitochondrial DNA),एमटी डी.एन.ए. (सूत्रकणिकीय डी.एन.ए.)
mu DNA,म्यू डी.एन.ए.
multi copy gene,बहुप्रति जीन
multi-copy plasmid,बहुप्रति प्लाज्मिड
multiple copy gene,बहु प्रति जीन
multipotent,बहुशक्य
muscular dystrophy (MD),पेशीय दुष्पोषण (एम.डी)
mutability,उत्परिवर्तनशीलता
mutagenesis,उत्परिवर्त जनन
mutation rate,उत्परिवर्तन दर
mutator gene,उत्परिवर्तक जीन
mycotoxin,कवकआविषण
naked DNA,अनावृत डी.एन.ए.
naked gene,अनावृत जीन
nanobiology,नैनोजीवविज्ञान
nanotechnology,नैनोप्रौद्योगिकी
native (natural) immunity,प्रकृत प्रतिरक्षा
native DNA,प्रकृत डी.एन.ए.
natural biological control,प्राकृतिक जैव नियंत्रण
natural killer cell (N.K. cell),प्राकृतिक मारक कोशिका(एन.के.कोशिका)
necrosis,ऊतकक्षय
negative control,ऋणात्मक नियंत्रण
negative regulation,ऋणात्मक नियमन
negative super coiling,ऋणात्मक अधिकुंडलन
neoplasm,नववर्धित अर्बुद
neoplastic,नववर्धी
nerve growth factor (NGF),तंत्रिकावृद्धि कारक(एन.जी.एफ.)
neuraminidase,न्यूरामिनिडेज
neuroleukin,न्यूरोल्यूकिन
neuron (neurone),न्यूरोन
neurotoxic,तंत्रिआविषी
neurotoxin,तंत्रिआविष
neurotransmitter,तंत्रिप्रेषी
neutrophil,उदासीनरंजी
nick,खाचिका
nick translation,खाचिक अनुवाद
nicking,खाचिकायन
nicotinamide adenine-dineucleotide,निकोटिनैमाइड ऐडनीन डाइन्यूक्लिओटाइड
nif gene (nitrogen fixation gene),निफ जीन (नाइट्रोजन स्थिरण जीन)
nitrate reduction,नाइट्रेट अपचयन
nitrification,नाइट्रीकरण
nitrifying bacteria,नाइट्रीकारी जीवाणु
nitrobacteria,नाइट्रोजीवाणु
nitrogen assimilation,नाइट्रोजन स्वांगीकरण
nitrogen fixation,नाइट्रोजन स्थिरण
nitrogen fixation gene,नाइट्रोजन स्थिरक जीन
nitrogen metabolism,नाइट्रोजन उपापचय
nitrogenase,नाइट्रोजिनेज
nod gene,नॉड जीन
nodulation,"1.ग्रंथिकरण , 2.ग्रंथीयन"
non antigenic,अप्रतिजन
non conjugant,असंयुग्मी
non mutant,अनुत्परिवर्ती
non-coding DNA,अकूटन डी.एन.ए.
non-essential aminoacid,अनावश्यक ऐमीनोअम्ल
non-recombinant,अपुनर्योगज
nonsense codon,निरर्थक प्रकूट
Northern blotting,नॉर्दर्न शोषण
notch,खांच
nt (nucleotide),एन टी (न्यूक्लियोटाइड)
nuclear,केंद्रकीय
nuclear clone,न्यूक्लियर क्लोन
nuclear DNA,केंद्रकीय डी.एन.ए.
nuclear envelope,केंद्रकीय आवरण
nuclear hormone receptor,केंद्रकीय हॉर्मोन ग्राही
nuclear receptor,केंद्रकीय ग्राही
nuclear transfer,नाभिकीय स्थानांतरण
nuclear transplantation,नाभिकीय प्रतिरोपण
nuclease,न्यूक्लिएज
nucleic acid,न्यूक्लीक अम्ल
nucleic acid probe,न्यूक्लीक अम्ल संपरीक्षक
nucleocapsid,न्यूक्लीपेटिका
nucleoid,केंद्रकाभ
nucleoprotein,न्यूक्लिओप्रोटीन
nucleosomes,न्यूक्लिओसोम
nucleotide (nt),न्यूक्लिओटाइड (एन टी)
nucleotide excission repair,न्यूक्लिओटाइड उच्छेद क्षतिसुधार
nucleotoxic,केंद्रकआविषी
nucleus,केंद्रक
nurse cell,धात्री कोशिका
nutraceuticals,पोषक रसायन
nutritional genomics,पोषकीय संजीनिकी
nutritive cell,पोषक कोशिका
occlude,अधिविष्ट
occlusion,अधिधारण
ochretoxin,गैरिकाविष
ochre codon,ऑकर प्रकूट
Okazaki fragment,ओकाजाकी खंड
oligoclonal,अल्पक्लोनीय
oligogene,अल्पजीन
oligomer,अल्पावयव
oligonucleotide,अल्पन्यूक्लियोटाइड
oligonucleotide directed mutagenesis,अल्पन्यूक्लिओटाइड निर्देशित उत्परिवर्तजनन
oligonucleotide probe,अल्पन्यूक्लियोटाइड संपरीक्षक
onchology,"1.अर्बुदविज्ञान ,2.कैंसरविज्ञान"
oncogene,अर्बुदजीन
oncogenic virus,अर्बुदजनक विषाणु
oncomodulin,अर्बुद माडूलिन
oncoprotein,अर्बुद प्रोटीन
oncotherapy,अर्बुद चिकित्सा
oncovirus,अर्बुद विषाणु
opal,ओपल
opal codon,ओपल प्रकूट
open continuous culture,मुक्त सतत संवर्धन
open reading frame ORF,विवृतवाचन प्राधार (ओ आर एफ)
operato operon,प्रचालक प्रचालेक
operon,"1.प्रचालेक ,2.ओपेरॉन"
operon gene,प्रचालेक जीन
opine,ओपाइन
oral,"1.मुख ,2.मुखी"
order,"1.गण ,2.क्रम"
organ culture,अंग संवर्धन
organelles,अंगक
organic farming,जैविक कृषि
organiser,संगठक
organogenesis,अंगविकास
ori (origin of replication),ओरी (प्रतिकृतीयन उद्भव)
orientation,अभिविन्यास
origin,"1. उद्भव ,2.उत्पत्ति"
origin of replication,प्रतिकृतीयन उद्भव
orphan virus,अहानिकर विषाणु
orphan gene,विलग जीन
ortholog,आर्थोलॉग
osmotic gradient,परासरणी प्रवणता
osmotic shock,परासरणी प्रघात
Ouchterlony test,ऑक्टरलोनी परीक्षण
ovary,"1.अंडाशय ,2.डिंबग्रंथि"
overhang (extension of DNA),प्रलंबन
overlapping gene,अतिव्यापी जीन
ovule,बीजांड
ovum,अंडाणु
oxidase,ऑक्सिडेज
oxidation,ऑक्सीकरण
oxidation reduction,ऑक्सीकरण अपचयन
oxigenase,ऑक्सिजिनेज
p53 gene,पी 53 जीन
P 53 protein,पी 53 प्रोटीन
P element,पी अवयव
pairing,युगलन
palindrome,विलोमानुक्रम
palindrome sequence,विलोमी अनुक्रम
papova virus,पपोवा विषाणु
particle bombardment gun,कण विध्वंसक गन (जीन गन)
partition coefficient,वितरण गुणांक
passive immunity,निष्क्रिय प्रतिरक्षा
passive immunization,निष्क्रिय प्रतिरक्षण
passive transport,निष्क्रिय अभिगमन
patent,पेटेन्ट
pathogen,"1.रोगाणु ,2.रोगजनक"
pathogenesis,रोगजनन
pathogenesis related protein,रोगजनक संबंधित प्रोटीन (पी.आर.पी)
pathogenic,रोगजनक
pBR 332,पी बी.आर.३३२
p-clone,p-क्लोन
PCR (polymerase chain- reaction),पी.सी.आर. (पॉलीमरेज शृंखला अभिक्रिया)
PCR(polymerase chain-reaction),पी.सी.आर. (पॉलिमरेज शृंखला अभिक्रिया)
PDB (protein databank),पी.डी.वी. (प्रोटीन डाटाबैंक)
peptide bond,पेप्टाइड आवंध
peptide map (protein engineering),पेप्टाइड मानचित्र (प्रोटीन अभियांत्रिकी)
peptide vaccine,पेप्टाइड वैक्सीन
permeability,पारगम्यता
permease,परमिएज
peroxidase,परॉक्सिडेज
phage (bacteriophage),विभोजी (जीवाणुभोजी)
phage M-13,विभोजी M-13
phagocyte,भक्षकाणु
phagocytosis,भक्षकोशिकता
phagosome,भक्षकाय
pharmacology,भेषजगुण विज्ञान
pharmogenomics,फार्मोजीनोमिक्स
phase,प्रावस्था
phasmid (phagemid),फैजमिड
Philadelphia chromosome,फिलाडेल्फिया गुणसूत्र
phosphatage,फॉस्फटेज
phosphodiester linkage,फॉस्फोडाइस्टर सहलग्नता
phosphodiesterase,फास्फोडाएस्टरेज
phosphorylation,फॉस्फोरिलन
photoreactivation,प्रकाशपुनः सक्रियण
photosynthesis,प्रकाश संश्लेषण
phylogenetic profiling,जातिवृत्तीय परिच्छेदिकायन
phylogeny,जातिवृत्त
physical map of genome,संजीन का वास्तविक मानचित्र
picorna (virus),पिकोर्ना (विषाणु)
pigmentophage,वर्णकभोजी
pilus,रोमक
pitch,वतींक
plant regeneration,पादप-पुनर्जनन
plant tissue culture,पादप ऊतक संवर्ध (न)
plaque,"1.प्लॉक ,2.लवांक"
plaque assay,प्लाक आमापन
plaque forming units (PFU),लवांककारी इकाई (पी.एफ.यू.)
plasma cell,प्रद्रव्य कोशिका
plasmid vector,प्लाज्मिड संवाहक
plasmid,"1. प्रदव्य, 2. प्लाज्मिड , 3. प्लैज्मिड"
plasminogen,प्लाज्मिनोजेन
plasminogen activator (PTA),प्लाज्मिनोजेन सक्रियक (पी.टी.ए.)
platelet derived growth factor (PDGF),बिंबाणुव्युत्पन्न वृद्धि-कारक
plating,"1.प्लेटन , 2.प्लेटिंग"
plating efficiency,प्लेटन दक्षता
pluripotent,बहुसक्षम
polygene,अनेकजीन
polygenic,अनेकजीनी
polylinker,अनेकयोजक
point mutation,बिंदु उत्परिर्तन
polio virus,पोलियो विषाणु
pollen dimorphism,पराग द्विरूपता
poly A tail,बहु ए पुच्छ
polyadenylation,बहुऐडेनिलन
polycistronic,बहुकार्येकी
polyclonic antibody,पॉलीक्लोनी प्रतिरक्षी
polycystronic m RNA,बहुकार्येकी एम.आर.एन.ए.
polyethylene glycol (PEG),पॉलीएथिलीन ग्लाइकॉल (पी.ई.जी.)
polymer (multimer),बहुलक
polymerase,पॉलीमरेज
polymerization,बहुलकन
polymorphic probe,बहुरूपीय संपरीक्षक
polymorphism (RFLP),बहुरूपता
polypeptide,बहुपेप्टाइड
polyprotein,बहुप्रोटीन
pomato,आलूटम
pore,रंध्र
position effect,स्थिति प्रभाव
positional effect,स्थितिक प्रभाव
positive regulator,धनात्मक नियामक
positive sense RNA,सकारात्मक संवेदी आर.एन.ए.
positive supercoiling,धनात्मक अतिकुंडलन
post transcriptional gene silencing,पश्चानुलेखन जीन शमन
post transcriptional processing,पश्चानुलेखन प्रक्रमण
post translational modification,अनुवादपश्च रूपांतरण
potassium channel,पोटैशियम प्रणाल
potassium leak channel,पोटैशियम क्षरण प्रणाल
PR protein,पी.आर. प्रोटीन
preculture,पूर्व संवर्धन
precursor cell,"1.पूर्ववर्ती कोशिका ,2.पूर्वगामी कोशिका"
preservation,परिरक्षण
pribnow box,प्रिबनो बॉक्स
primary cell culture,प्राथमिक कोशिका संवर्ध
primary cell line,प्राथमिक कोशिका वंश(क्रम)
primary culture,प्राथमिक संवर्ध
primer,उपक्रामक
primer DNA,उपक्रामक डी.एन.ए.
primosome,प्राइमोसोम
prion (protein infection),प्रोसंक्र (प्रोटीन संक्रमण)
probe,"1.प्रजैविकी ,2.प्रजैविक सामग्री"
probiotics,प्रोबायोटिक्स
process,प्रक्रम
processed gene,प्रक्रमित जीन
programmed cell death (apoptesis),प्रोग्रामित कोशिका मृत्यु
prokarytoic cell,प्राकेंद्रकी कोशिका
proliferation,प्रचुरोद्भवन
promoter,उन्नायक
promoter region,उन्नायक प्रक्षेत्र
promoter sequence,उन्नायक अनुक्रम
promoter-10-sequence,उन्नायक-१० अनुक्रम
promoter-35-sequence,उन्नायक -35 अनुक्रम
promoting factor,उन्नयन कारक
proof reading,प्रूफ वाचन
prophase,पूर्वावस्था
protein array,"1.प्रोटीन व्यूह ,2.प्रोटीन सरणी"
protein biochip,प्रोटीन बायोचिप
protein designing,प्रोटीन अभिकल्पन
protein engineering,प्रोटीन अभियांत्रिकी
protein folding,प्रोटीन वलन
protein gun (gene gun),प्रोटीन गन (जीन गन)
protein microarray,प्रोटीन सूक्ष्मव्यूह
protein protein-interaction,प्रोटीन-प्रोटीन अन्योन्यक्रिया
protein sequencing,प्रोटीन अनुक्रमण
protein sequenece,प्रोटीन अनुक्रम
protein splicing,प्रोटीन समबंधन
protein structure,प्रोटीन संरचना
protein tyrosine kinase,प्रोटीन टाइरोसिन काइनेज
protein tyrosine kinase inhibitor,प्रोटीन टाइरोसिन काइनेज संदमक
protein-based product,प्रोटीन आधारित उत्पाद
proteome chip,प्रोटियोम चिप
proteomics,प्रोटियोमिक्स
protoclone,आदिक्लोन
proton gradient,प्रोटोन प्रवणता
proton pump,प्रोटोन पंप
protooncogene,प्राकर्बुदजीन
protoplast culture,"1.जीवद्रव्यक संवर्ध ,2.जीवद्रव्यक संवर्धन"
protoplast fusion,जीवद्रव्यक संयोजन
protoxin,प्राक्आविष
provirus,प्राक्विषाणु
pseudogene,कूट जीन
p-site,पी-स्थल
pulse field electrophorsis,स्पंदक्षेत्र वैद्युतकण संचलन
pure culture,शुद्ध संवर्धन
pure line,शुद्ध वंश(क्रम)
QTL (qnantitative trait loci),क्यू टी एल (मात्रात्मक विशेषक विस्थल)
QTE (quantal toxicity estimation),क्वान्टमी आविषालुता आकलन
quantal,क्वान्टमी
quantitative structure activity,मात्रात्मक संरचना सक्रियता
quantitative structure property,मात्रात्मक संरचना गुणधर्म
quantum dot,क्वान्टम बिंदु
quantum tag,क्वान्टम टैग
quarantine,संगरोध
quasi fluidity,अर्ध तरलता
quasi species,अर्ध-जाति
qudra hybrid,चतुः संकर
quiescent,प्रशांत
quorum sensing,कोरम संवेदन
r DNA,r डी.एन.ए.
r- plasmid,आर. प्लैज्मिड
RACE (rapid amplification of cDNA ends),रेस (CDNA के सिरों का द्रुत प्रवर्धन)
radiation chimaera,विकिरण विचित्रक
radio immunoassay (RIA),रेडियो प्रतिरक्षा आमापन
radioactive leveling,रेडियोसक्रिय तलमापन
random gene tagging,यादृच्छिक जीन टैगन
random primed,यादृच्छिक पूर्वसक्रियित
randomly amplified,यादृच्छिक प्रवर्धित बहुरूपी
polymorphic technique,तकनीक
rapid microbial detection,द्रुत सूक्ष्मजीवी संसूचन
rapid protein folding assay,द्रुत प्रोटीन वलन आमापन
RAS gene,रास जीन
rational drug design,परिमेय औषध अभिकल्प
RBC (red blood corpuscle),आर. बी. सी. (लाल रुधिर कणिका)
reaction,अभिक्रिया
reactor,रिऐक्टर
reading frame,पठन फ्रेम
recombinant clone,पुनर्योगज क्लोन
recombinant DNA,पुनर्योगज डी.एन.ए.
recombinant DNA technolgy,पुनर्योगज DNA प्रौद्योगिकी
recombinant protein,पुनर्योगज प्रोटीन
recombinant screening,पुनर्योगज आवरण
recombinant toxin,पुनर्योगज आविष
recombinant vaccine,पुनर्योगज वैक्सीन
recombination,पुनर्योजन
recombination joint,पुनर्योजन संधि
recombination repair,पुनर्योजन सुधार
recon,"1.पुनरेक ,2.रेकॉन"
reed bed,रीड संस्तर
regulation,नियमन
regulatory enzyme,नियामक एन्जाइम
regulatory gene,नियामक जीन
regulatory mutarit,नियामक उत्परिवर्ती
regulatory sequence,नियामक अनुक्रम
relaxed replication control,शिथिल प्रतिकृतीयन नियंत्रण
renaturation,पुनः प्राकृतन
renin,रेनिन
renold number,रेनॉल्ड संख्या
repeat,"1.पुनरावृत्त ,2.पुनरावर्त"
repetitive DNA,पुनरावर्ती डी.एन.ए.
replacement site,प्रतिस्थापन स्थल
replacement synthesis,प्रतिस्थापन संश्लेषण
replacement therapy,प्रतिस्थापन उपचार
replacement vector,प्रतिस्थापन संवाहक
replica plating,प्रतिकृति प्लेटन
replicon,"1.रेप्लिकॉन ,2.प्रतिकृत्येक"
replisome,प्रतिकृतिकाय
repression,दमन
repressor,दमनकर
repressor protein,दमनकर प्रोटीन
resistance plasmid (R-plasmid),प्रतिरोध-प्लैमिड (R-प्लैज्मिड)
response,अनुक्रिया
restriction fragment,प्रतिबंधन खंड बहुरूपता
restriction fragment,प्रतिबंधन खंड
restriction mapping,प्रतिबंधन मानचित्रण
restriction modification system,प्रतिबंध अपरिवर्तन तंत्र
restriction site,प्रतिबंधन स्थल
restrictions enzeyme,प्रतिबंधन एन्जाइम
retrotransposons,पश्चट्रान्सपोसोन
retroviral vector,पश्चविषाणु संवाहक
retrovirus,पश्चविषाणु
reverse genetics,उत्क्रम आनुवंशिकी
reverse transcriptase,उत्क्रमित ट्रांसक्रिप्टेज
reverse transcription,उत्क्रमित अनुलेखन
rh factor (Rhesus factor),आर एच कारक (रीसस कारक)
rhizobacteria,मूल जीवाणु
rhizobial inoculant,राइजोबियल संरोप्य
rhizophage,राइजोविभोजी
rhizo-remediation,राइजो-उपचारण
ri plasmid (root inducing plasmid),आर आइ प्लैज्मिड (मूल प्रेरक प्लैज्मिड)
ribo-probe,राइबो संपरीक्षक
ribosomal binding site,राइबोसोमी बंधन-स्थल
ribosome,राइबोसोम
RNA (ribonucleic acid),आर. एन. ए. (राइबोन्यूक्लीक अम्ल)
RNA blot,आर.एन.ए. शोष
RNA directed DNA polymerase,आर.एन.ए. निर्देशित डी. एन.ए.पॉलिमरेज
RNA induced silencing complex,आर.एन.ए. प्रेरित शामक संमिश्र
RNA interface,आर एन ए अंतरापृष्ठ
RNA polymerase,आर.एन.ए. पॉलिमरेज
RNA probe,आर.एन.ए. संपरीक्षक
RNA processing,आर.एन.ए. प्रक्रमण
RNA splicing,आर.एन.ए. समबंधन
RNA vector,आर.एन.ए. संवाहक
roller bottle,बेल्लन बोतल
roving gene,अटनकारी जीन
rRNA,राइबोसोमी आर.एन.ए.
RT (reverse transcription),आर.टी. (उत्क्रमित अनुलेखन)
rumen (of cattle),"1.रूमेन ,2.प्रथम आमाशय"
"s,nuclease s",न्यूक्लिएज
sandai virus,सैंडाइ विषाणु
Sanger's method,सैंगर पद्धति (डी.एन.ए. फिंगरप्रिंटिंग की)
satellite RNA,अनुषंगी आर.एन.ए.
scavenger,अपमार्जक
scavenger receptor,अपमार्जक ग्राही
screening,"1.छंटाई ,2.स्क्रीनिंग"
search tool,खोज उपकरण
sebtilisin,सबटिलिसिन
secondary metabolite,द्वितीयक उपापचयज
secondary structure (of protein),द्वितीयक संरचना (प्रोटीन की)
secretor gene,स्रावी जीन
sedimentation,अवसादन
segregation,विसंयोजन
selectable marker,वरणयोग्य चिह्नक
selectable marker gene,वरणयोग्य चिह्नक जीन
selection,वरण
selective media,वरणात्मक माध्यम
self splicing RNA,स्वसमबंधक आर.एन.ए.
selfish DNA,स्वार्थी डी.एन.ए.
semisolid medium,अर्धठोस माध्यम
sense RNA,सार्थक आर.एन.ए.
sense strand,सार्थक रज्जुक
sequence,अनुक्रम
sequence map,अनुक्रम मानचित्र
sequence tagged site,अनुक्रम-बंधित स्थल
sequence tagged site,अनुक्रम-बंधित स्थल
sequence vector,अनुक्रम संवाहक
serological test,सीरमी परीक्षण
serology,सीरम विज्ञान
serum,सीरम
severe combined immuno deficiency,उग्र संयुक्त प्रतिरक्षान्यूनता
shoot tip,प्ररोहाग्र
short tandem repeat (STR),लघु अनुबद्ध पुनरावर्तक
shotgun method,शॉटगन पद्धति
shuttle vector,शटल संवाहक
sickle celled anaemia,दात्री कोशिका अरक्तता
sigma factor,सिग्मा कारक
signal peptide,संकेत पेप्टाइड
signal sequence,संकेत अनुक्रम
signalling,संकेतन
signalling cascade,संकेतन सोपान
silencer,शामक
silencing,शमन
simple sequence length,सरल अनुक्रम दैर्घ्य
single cell protein (SCP),एकल कोशिका प्रोटीन
single copy plasmid polymorphism,एकल प्रतिलिपि प्लैज्मिड
single nucleotide,एकल न्यूक्लिओटाइड बहुरूपता
single strand DNA,एकल रज्जुक डी.एन.ए.
single strand DNA binding protein,एकल रज्जुक डी.एन.ए. आबंधक प्रोटीन
single strand DNA break (NICS),एकल रज्जुक डी.एन.ए.भंग
site directed mutagenesis,स्थल-निर्देशित उत्परिवर्तजनन
small nuclear RNA protein,लघु केंद्रक आर.एन.ए. प्रोटीन
somaclonal variation,कायक्लोनी परिवर्तन
somatic cell hybridization,कायिक कोशिका संकरण
somatic embryo,कायिक भ्रूण
somatic embryogenesis,कायिक भ्रूणोद्भव
somatic gene therapy,कायिक जीन उपचार
somatic hybrid,कायिक संकर
somatic seed,कायिक बीज
somatostatin,सोमेटोस्टेटिन
somatotropin,सोमेटोट्रॉपिन
SOS repair,एस.ओ.एस. क्षतिसुधार
Southern hybridization,सदर्न संकरण
spacer DNA,अंतरालक डी.एन.ए.
sparger,स्पार्जर
spawn,स्पॉन
specific growth rate,विशिष्ट वृद्धि-दर
spinner culture,वयक संवर्ध
splicing,समबंधन
split gene,विपाटित जीन
staggered cut,सांतरित काट
starter culture,आरंभक संवर्ध
stationary phase,अचल प्रावस्था
stem cell,मूल कोशिका
stem cell culture,मूल कोशिका संवर्धन
stem cell technology,मूल कोशिका प्रौद्योगिकी
sterilization,"1.बंध्यकरण ,2.निर्जीकरण"
stimulus responsive gene,उद्दीपन अनुक्रिय जीन
strain improvement,प्रभेद सुधार
structural genomics,संरचनात्मक संजीनिकी
structural proteomics,संरचनात्मक प्रोटिओमिक्स
sub-clone,उपक्लोन
sub-culture,"1.उपसंवर्धन ,2.उपसंवर्ध"
submerged culture,"1.निमग्न संवर्धन, 2.निमग्न संवर्धन"
subtractive hybridization,व्यवलकनी संकरण
sunbean,सनबीन
super gene,अधिजीन
superbug,महाबग
supercoiling,अधिकुंडलन
surface culture,"1. सतह संवर्धन ,2.सतह संवर्ध"
surrogate mother,"1.कोखदायी माता ,2.अभिनियुक्त माता"
surrogation,"1.अभिनियोजन ,2.कोखदान"
symplasmid,संप्लैज्मिड
synchronous cell suspension culture,समकालिक कोशिका निलंबन संवर्ध
syndrome,संलक्षण
synthetic medium,संश्लेषी माध्यम
syntropic association,सहअनुवर्ती साहचर्य
t. DNA,त्-डी.एन.ए.
t. lymphocyte,t- लसीकाणु
tag polymerase,टैग पॉलिमरेज
tag. DNA molecule enzyme,टैग डी.एन.ए. अणु एन्ज़आइम
tailing,पुच्छन
targeted recombination system,लक्ष्यित पनुयोजन तंत्र
TATA-box,टाटा बाक्स
technique,तकनीक प्रावोध
temperature stress,तापमान प्रतिबल
template,"1. रूपदा ,2.टेम्प्लेट"
teratogen,विरूपजन
terminator,समापक
terminator codon,समापक प्रकूट
test tube baby,परखनली शिशु
tetanus toxide,टेटेनस टॉक्साइड
thawing,संद्रवण
therapeutic protein,चिकित्सीय प्रोटीन
thermal death point (TDP),तापीय मृत्यु बिंदु
thermal denaturation,तापीय विकृतन
thermal disinfection,तापीय विसंक्रमण
thermic shock,तापीय प्रघात
thermophile,तापरागी
thermotherapy,तापोपचार
ti-plasmid,त्-प्लैज्मिड
tissue,ऊतक
tissue culture,ऊतक संवर्ध
tissue engineering,ऊतक अभियांत्रिकी
tissue inhibitor,ऊतक संदमक
tissue plasminogen antigen (TPN),ऊतक प्लैज्मिनोजन प्रतिजन
TMV,टी.एम.वी. (तंबाकू मोजेक विषाणु)
topato,टमालू
totipotency,पूर्णशक्तता
totipotent,पूर्ण शक्त
toxic genomics,आविष-संजीनिकी
toxide,टॉक्साइड
toxin,आविष
trademark,व्यापारचिह्न
traditional biotechnology,परंपरागत जैवप्रौद्योगिकी
trailer,अनुगामी
transcriptase,ट्रांसक्रिप्टेज
transcriptional profile,अनुलेखन परिच्छेदिका
transcriptional repressor,अनुलेखन दमनकारी
transcriptome,ट्रांस्क्रिप्टोम
transdetermination,पारनिर्धारण
transfer DNA,अंतरण डी.एन.ए.
transfer technology,अंतरण प्रौद्योगिकी
transferase,ट्रांस्फरेज
transformation,रूपांतरण
transgenic,पारजीनी
transgenic inactivation,पारजीनी अक्रियण
transgression,अतिक्रमण
transient,"1.क्रमांतर ,2.क्रमांतरी"
translation,अनुवाद
translation repression,अनुवाद-दमन
transplant rejection,प्रतिरोप अस्वीकरण
transplantation,प्रतिरोपण
transposable element,पारांतरणीय तत्व
transposon,"1.पारांतरेक ,2.ट्रांस्पोसोन"
tribed protein,संवर्गित प्रोटीन
triggering,"1.ट्रिगरिंग,2.प्रवर्तन"
triptophane,ट्रिप्टोफेन
t-RNA,t- आर.एन.ए.
trypsinization,ट्रिप्सिनन
tumor inhibitor,अर्बुद संदमक
tumor necrosis factor,अर्बुद ऊतकक्षय कारक
tumor promotor,अर्बुद वर्धक
tumor suppressor gene,अर्बुद निरोधक जीन
turbidostat,आविलस्थापी
two dimensional chrometography,"1.द्विविम वर्णलेखन,2.द्विविम वर्णलेखिकी"
ultrafilteration,अतिसूक्ष्म निस्यंदन
ultrasonication,पराश्रवण
ultraviolet,पराबैंगनी
ultraviolet sterilization,पराबैंगनी निर्जीकरण
unbalanced translocation,असंतुलित स्थानांतरण
unicellular organism,एककोशिक जीव
unicellularity,एक कोशिकता
unidentified reading frame (URE),अपरिचित पठन फलक
unidirectional replication,एकदिश प्रतिकृतीयन
unidirectional tendom gene,एकादिश कंडरा जीन
union for protection of new,पादप नव किस्म रक्षण संघ
plant varities,पादप परिभाषा 
uniportis,एकलगमन
unit operation,एकक प्रचालड्ड
universal donor,सार्विक दाता
universal donor cell,सार्विक दाता कोशिका
universal genetic code,सार्विक आनुवंशिक प्रकूट
universal primer,सार्विक उपक्रामक
universal recipient,सार्विक आदाता
unpaired,अयुग्मित
unwinding protein,विकुंडलन प्रोटीन
upregnation,संख्यावृद्धि
upstream,उर्ध्वप्रवाह
uranium leaching,यूरेनियम निक्षालन
uric acid,यूरिक अम्ल
V(D)J recombination,वी.(डी).जे. पुनर्योजन
vaccine,"1.वैक्सीन, 2.टीका"
vacuole,धानी
validation,वैधीकरण
VAM,वैम
Vander Waals forces,वान्डेरवाल्स बल
variable domains,परिवर्ती प्रक्षेत्र
variable expressivity,परिवर्ती अभिव्यक्तता
variable region,परिवर्ती/प्रक्षेत्र
variant,परिवर्त
vector,संवाहक
vector vaccine,संवाहक वैक्सीन
vehicle,माध्यम
vermicompost,"1.कृमिखाद ,2.वर्मिकंपोस्ट"
vertical gene transfer,उर्ध्वाधर जीन अंतरण
vesicle,आशय
viable counts,जीवनक्षम गणना
vir genes,वी.आई.आर. जीन
viral infection,विषाणु संक्रमण
viral inhibitor,विषाणवीय संदभक
viral interference,विषाणुक व्यतिकरण
viral masking scene,विषाणु गोपन दृश्य
viral nucleic acid,विषाणु न्यूक्लीक अम्ल
viral pesticide,विषाणु पीड़कनाशी
viral protein,विषाणुक प्रोटीन
viral receptor,विषाणु ग्राही
viral transactivating protein,विषाणु पारसक्रियक प्रोटीन
viral vaccine,विषाणु वैक्सीन
virion,विरिऑन
virocidal,विषाणुनाशी
viroid,विषाणुभ
virotherapy,विषाणु चिकित्सा
virulence,उग्रता
virulent,उग्र
virulent cycle,उग्र चक्र
virulent phage,उग्र विभोजी
virulent strain,उग्र प्रभेद
viruliferous,विषाणुधर
virus,विषाणु
virus coat protein,विषाणु विलेपित प्रोटीन
virus free plant,विषाणु-मुक्त पादप
virus free vector,विषाणु-मुक्त संवाहक
virus indexing,विषाणु सूचकांकन
virus-induced antigen,विषाणु प्रेरित प्रतिजन
virus-induced cancer,विषाणुप्रेरित कैंसर
virusoid,"1.विषाणुभ ,2.वाइरसॉइड"
virus receptor,विषाणु ग्राही
virus transduction,विषाणु पारक्रमण
visible fluorescent protein,दृश्य प्रतिदीप्त प्रोटीन
vitamin,विटामिन
voltage gated ion channel,वोल्टता द्वारित आयन प्रणाल
vomitoxin,वमन आविष
vortex,वोर्टेक्स
Watson-crick's helix,वाट्सन क्रिक्स कुंडलिनी
western blot,वेस्टर्न शोषण
whey,"1.पनीरजल, 2.मट्ठा ,3.छाछ"
white biotechnology,श्वेत जैवप्रौद्योगिकी
whole genome amplification,संपूर्ण संजीन प्रवर्धन
widal test,विडाल परीक्षण
wild type,वन्य प्ररूप
xanthum,जैन्थम
xenobiosis,आगतजीवन
xenobiotic,"1.आगंतुक जीव ,2.आंगत जीव"
xenobiotic accumulation,आगत जैविक संचयन
xenobiotic bioremediation,आगतजैविक जीव उपचारण
xenobiotic compound,आगतजैविक यौगिक
xenobiotic metabolism,आगत जैविक उपापचय
xenogenesis,स्तंभजनन
xenograft,आगतनिरोप
Xenopus leavis,जैनोपस लेविस
xenotransplantation,आगत प्रतिरोपण
xerodema pigmentotsum,शुष्कत्वचा
xerogel,शुष्कजेल
X-gal,एक्स-गाल
YCp vector (Yeast centromere plasmid vector),YCp संवाहक (खमीर सूत्रकेंद्र प्लैज्मिड संवाहक)
yeast,खमीर यीस्ट
yeast alanine tRNA,खमीर एलेनीन टी आर.एन.ए.
yeast artificial chromosome (YAC),खमीर कृत्रिम गुणसूत्र
yeast biomass,खमीर जैवमात्रा
yeast cloning,खमीर क्लोनन
yeast episomal plasmid,खमीर अधिकाय प्लैज्मिड
yeast extract,खमीर निष्कर्ष
YEp vector (yeast episomal plasmid vector),YEp संवाहक (खमीर अधिकाय प्लैज्मिड)
yield coefficient,लब्धि गुणांक
yield test,लब्धि परीक्षण
Ylp vector (yeast integrating plasmid vector),YIp संवाहक (खमीर समाकलन प्लैज्मिड)
yogurt,"योहर्ट,दधि"
YRp vector (yeast replicating plasmid vector),YRp संवाहक (खमीर प्रतिकृतीयन प्लैज्मिड संवाहक)
Z DNA,जेड डी.एन.ए.
ziehl-Neelsen stain,सील-नील्सेन अभिरंजक
zippering,जिपरन