English,Hindi,,
abacus,"1.एबेकस ,2. गिनतारा",,
abnormal termination,असामान्य समापन,,
abort,अवरोधन,,
absolute,"1. निरपेक्ष ,2. परम",,
absolute address,निरपेक्ष पता,,
absolute addressing,निरपेक्ष पताभिगमन,,
absolute assembler,निरपेक्ष कोडांतरक,,
absolute code,"1. निरपेक्ष कूट ,2. निरपेक्ष कोड",,
absolute command,निरपेक्ष समादेश,,
absolute data,"1.निरपेक्ष आंकडे ,2. निरपेक्ष डाटा",,
absolute instruction,निरपेक्ष अनुदेश,,
absolute mode,निरपेक्ष विधा,,
absolute path,निरपेक्ष पथ,,
absolute programming,"1. निरपेक्ष क्रमादेशन ,2. निरपेक्ष प्रोग्रामन",,
abstract class,अमूर्त वर्ग,,
abstract data type,अमूर्त आंकड़ा प्रकार,,
abstract machine,अमूर्त मशीन,,
abstract symbol,अमूर्त प्रतीक,,
abstract syntax,अमूर्त वाक्य विन्यास,,
acceptance testing,स्वीकृति परीक्षण,,
access authentication,अभिगम प्रमाणन,,
access code,"1. अभिगम कूट ,2. अभिगम कोड",,
access control,अभिगम नियंत्रण,,
access scan,अभिगम क्रमवीक्षण,,
accessory,सहयंत्र,,
account,लेखा,,
account ID,"1. एकाउंट आई डी ,2. लेखा पहचान",,
accumulator,संचायक,,
accuracy,"1. विशुद्धता ,2. यर्थाथता",,
acess,अभिगम,,
acess control byte,अभिगम नियंत्रण बाइट,,
acess index,अभिगम सूचक,,
acess key,अभिगम कुंजी,,
acess matrix,"1.अभिगम आव्यूह ,2. अभिगम मैट्रिक्स",,
acess mode,अभिगम विधा,,
acess privilege,अभिगम विशेषाधिकार,,
acess security,अभिगम सुरक्षा,,
acess server,"1. अभिगम परिसेवक ,2. अभिगम सर्वर",,
acess time,अभिगम काल,,
acknowledgement,अभिस्वीकृति,,
acoustics,ध्वनिकी,,
acronym,"1. परिवर्णी शब्द, 2. संक्षिप्त रूप ,3. लघु रूप",,
action message,क्रिया संदेश,,
activation,सक्रियण,,
active server page (ASP),सक्रिय सर्वर पृष्ठ,,
active version,सक्रिय वर्जन,,
acyclic,अचक्रीय,,
acyclic graph,"1. अचक्रीय आलेख ,2. अचक्रीय ग्राफ",,
Ada language,एडा कंप्यूटर भाषा,,
adapter,"1. अनुकूलक ,2. अनुकूलित्र",,
add,योग (करना),,
add file,योग संचिका,,
add operation,"1. जोड़ संक्रिया ,2. योग संक्रिया",,
adder,योजक,,
address,पता,,
address bus,पता बस,,
address file,पता संचिका,,
address format,पता आरूप,,
address generator,पता जनक,,
address line,पता पंक्ति,,
address mapping,पता प्रतिचित्रण,,
address pointer,पता संकेतक,,
address register,पता पंजी,,
address resolution,पता विघटन,,
address translation,पता अनुवाद,,
addressed memory,"1. पतायुक्त स्मृति ,2. पतायुक्त मेमोरी",,
addressing,पताभिगमन,,
adequacy criteria,"1. पर्याप्तता निकष ,2. पर्याप्तता कसौटी",,
adjoint,संलग्न,,
administration,"1. प्रबंधन ,2. नियंत्रण",,
administrator,"1. प्रबंधक ,2. नियंत्रक",,
adobe acrobat,ऐडोब एक्रोबेट,,
adobe photoshop,ऐडोब फोटोशोप,,
Advance Business Application Programming (ABAP),ए बी ए पी (उन्नत व्यवसाय प्रोग्रामन),,
advanced data,"1. उन्नत आंकड़ा ,2. उन्नत डाटा",,
advanced information system,उन्नत सूचना तंत्र,,
advanced technology (AT),उन्नत प्रौद्योगिकी (ए टी),,
agent,कर्मक,,
aggregation,समुच्चयन,,
airborne computer system,विमानवाहित कंप्यूटर तंत्र,,
aldus page maker,एल्डस पेज-मेक,,
alert box,सचेत पेटी,,
algol,ऐल्गॉल (कंप्यूटर भाषा),,
algorithm,"1.  एल्गोरिथ्म ,2. कलन विधि",,
algorithm analysis,"1.  एल्गोरिथ्म विश्लेषण ,2. कलन विधि विश्लेषण",,
algorithm efficiency,एल्गोरिथ्म दक्षता,,
alias,"1. एलिआस ,2. उपनाम ,3. उर्फ",,
alignment,संरेखण,,
allocation,"1. आवंटन ,2. नियतन",,
alphabetic,"1.अक्षरात्मक ,2. वर्णानुक्रम",,
alphanumeric,अक्षरांकीय,,
alphanumeric key board,"1.अक्षरांकीय कुंजीपटल ,2. अक्षराकीय की-बोर्ड",,
alpha-test,अल्फा-परीक्षण (प्रथम स्तरीय परीक्षण),,
alpha-version,"1. अल्फा वर्जन ,2. अल्फा रूप",,
alt key,आल्ट कुंजी,,
altavista,आल्टाविस्टा,,
ambiguity,अनेकार्थकता,,
ambiguous grammar,संदिग्ध व्याकरण,,
American National Standards Institute (ANSI),अमेरिकन नेशनल स्टेंडीस इंस्टीट्यूट (ए.एन.एस.आई.),,
American Standard Code For Information Interchange (ASCII),अमेरिकी मानक कट (आस्की),,
analog,"1. अनुरुप ,2. एनालॉग",,
analog computer,"1. एनालॉग कंप्यूटर, 2. अनुरुप कंप्यूटर",,
analog device,"1. अनुरुप युक्ति ,2. एनालॉग डिवाइस",,
analog modem,"1. एनालॉग मोडेम ,2. अनुरुप मोडेम",,
Analog To Digital Converter (ADC),अनुरुप से अंकीय रुपांतरक,,
AND,एंड (डिजिटल/विमान लॉजिक ’और’ प्रयुक्त),,
AND circuit,एंड परिपथ,,
AND gate,एंड गेट और द्वार,,
AND not operation (Exclusion),एंड नॉट संक्रिया (अपवर्जन),,
animation,"1. एनीमेशन, 2.  सजीवन",,
annotation,टिप्पण,,
anomaly,असंगता,,
antecedent,पूर्ववर्ती,,
anticipatory paging,प्रत्याशामूलक पृष्ठन,,
anti-symmetric,प्रति-सममित,,
antivirus program,विषाणुरोधी क्रमादेश,,
applet,"1. एपलेट ,2. अनुप्रयोगिका",,
application developer,अनुप्रयोग विकासक,,
application programming,अनुप्रयोग प्रोग्रामन,,
application programming interface (API),"1. अनुप्रयोग प्रोग्रामन अंतरापृष्ठ ,2. एप्लीकेशन प्रोग्रामिंग इंटरफेस (ए.पी.आई.)",,
application software,अनुप्रयोग सॉफ्टवेयर,,
applicative language,अनुप्रयोगी भाषा,,
approximation theory,सन्निकटण सिद्धांत,,
architecture,संरचना,,
area transfer,क्षेत्र अंतरण,,
argument,"1. प्राचर,स्वतंत्रचर, 2. कोणांक",,
arithmatic and logic unit,"1. अंकगणितीय एवं तर्क एकक ,2. अंकगणितीय एवं तर्क इकाई",,
arithmatic check,अंकगणितीय जांच,,
arithmatic constant,अंकगणितीय अचर,,
arithmatic data,अंकगणितीय आंकडा,,
arithmatical instruction,अंकगणितीय अनुदेश,,
arithmetic and logic unit (ALU),गणितीय एवं तार्किक इकाई (ए. एल. यू.),,
ARPANET,ए आर पी ए नेट (आरपानेट),,
array,सरणी,,
array cache,"1. सरणी कैशे ,2. सरणी द्रुतिका ,3. सरणी द्रुतस्मृति",,
array computer,सरणी कंप्यूटर,,
array element,सरणी अवयव,,
array name,सरणी नाम,,
array processor,सरणी प्रकर्मक,,
arrow keys,एरो कुंजी,,
articulation,संधि,,
articulation point,संधि बिन्दु,,
artificial compaction,कृत्रिम संहनन,,
artificial control,कृत्रिम नियंत्रण,,
artificial intelligence,कृत्रिम बोध,,
ascender,आरोहक,,
ascending sort,आरोही छंटाई,,
ASCII betical order,आस्की वर्णक्रम,,
ASCII control character,आस्की नियंत्रण संप्रतीक,,
ASCII file,आस्की संचिका,,
ASCII font,आस्की फॉन्ट,,
ASCII transfer,आस्की अंतरण,,
aspect ratio,अभिमुखता अनुपात,,
ASPI,"1. ऐस्पी ,2. ए एस पी आई",,
ASR timer,ए एस आर कालद,,
assemble,"1. स्मरांतरण ,2. कोडांतरण ,3. कोडांतर करना",,
assembler,"1. कोडांतरक ,2. स्मरांतरक",,
assembly,"1. कोडांतरण ,2. स्मरांतरण",,
assembly language,"1. स्मरांतरण भाषा ,2. कोडांतरण भाषा",,
assertion,निश्चयन,,
assignment,"1. निर्दिष्ट कार्य ,2. नियतन",,
association,साहचर्य,,
associative address,साहचर्य पता,,
associative memory,"1. साहचर्य स्मृति ,2. साहचर्य मेमोरी",,
asteric,तारक (*का चिन्ह),,
asymmetric,असम्मित,,
asynchronous,"1. अतुल्यकालिक ,2. अतुल्यकाली",,
asynchronous Digital Subscriber Line (ADSL),अतुल्यकालिक अंकीय अभिदाता लाइन (एडी एस एल),,
asynchronous Time Division Multiplexing (ATDM),अतुल्यकालिक समय विभाजन बहुसंकेतन (ए टी डी एम),,
asynchronous transfer,अतुल्यकालिक अंतरण,,
asynchronous Transfer Mode (ATM),अतुल्यकालिक अंतरण विधा (ए टी एम),,
atom,"1. एटम ,2. परमाण",,
attached document,संलग्न प्रलेख,,
attached file,"1. संलग्न संचिका/मिसिल ,2. संलग्न फाइल",,
attachment,"1. संलग्नक ,2. संबंद्ध",,
attribute,"1. गुण ,2. विशेषता",,
audio,श्रव्य,,
audit programming,"1. लेखा परीक्षा क्रमादेशन ,2. लेखा परीक्षा प्रोग्रामन",,
audit trail,लेखा सत्यापन,,
augmentation,संवर्धन,,
authentication protocol,प्रमाणन प्रोटोकॉल,,
authoring system,संलेखन पद्धति,,
authorization,"1. प्राधिकरण ,2. अधिकृति ,3. अधिकरण",,
auto abstract,स्वत: सार,,
autobooting,"1. स्वतः बूटिंग ,2. स्व बूटन",,
autocad,ऑटोकैड (एक कंप्यूटर भाषा),,
autolog on,स्वत: लॉग-ऑन,,
automata,ऑटोमेटा,,
automata theory,आटोमेटा सिद्धांत,,
automatic computing,स्वत: अभिकलन,,
automatic data processing,स्वत: आंकड़ा प्रक्रमण,,
automatic error correction,स्वत: त्रुटि संशोधन,,
automatic function,स्वत: फलन,,
automatic indexing,"1.  स्वत: सूचकीकरण ,2. स्वत: सूचीकरण",,
automatic library call,स्वत: संग्रह आह्वान,,
automatic programming,"1. स्वत: क्रमादेशन ,2. स्वत: प्रोग्रामन",,
automatic recovery program,"1.स्वत: पुन: प्राप्ति क्रमादेश, 2. स्वत: पुन: प्राप्ति प्रोग्राम",,
automatic routine,स्वत: नेमका,,
automatic system recovery,स्वत: सिस्टम पुन: प्राप्ति,,
automatic teller machine (ATM),"1. स्वत: टेलर मशीन्अ (ए टी एम) ,2.  स्वयं धन निकालने के लिए बैंक की ए.टी.एम)",,
automation,स्वचालन,,
autoplay,"1. आटोप्ले ,2. स्वत: चलन",,
autosave,स्वरक्षण,,
auxiliary,सहायक,,
auxiliary memory,सहायक स्मृति,,
auxiliary storage,सहायक भंडारण,,
available list,उपलब्ध लिस्ट,,
available time,उपलब्ध समय,,
average,औसत,,
awk (language),ए डब्ल्यू के (एक कंप्यूटर समादेश),,
backend,पश्चांत,,
backend processor,पश्चांत प्रक्रमक,,
backface removal,पश्च फलन विलोपन,,
background processing,पृष्ठभूमि प्रक्रमण,,
backing store,सहायक भंडार,,
backpatching,पश्च पैचीकरण,,
backspace,"1. पश्चीयन ,2. बैकस्पेस",,
backtracking,पश्चपथन,,
back-up,"1. बैक-अप ,2. पूर्तिकर",,
back-up memory,"1. पूर्तिकर स्मृति ,2. बैक-अप मेमोरी",,
backward error recovery,पश्च त्रुटि सुधार,,
balance sheet,(आय-व्यय) तुलन पत्र,,
band,पट्टी,,
band width,"1. बैंड चौड़आई ,2. बैंड विड्थ/क्षमता",,
banker's algorithm,बैंकर एल्गोरिथ्म,,
bar code,"1.बार कूट ,2. बार कोड",,
bar code scanner,बार कोड स्कैनर,,
bar graph,बार ग्राफ,,
base address,आधार पता,,
base band,आधार बैंड,,
base number,आधार संख्या,,
base table,आधार सारणी,,
BASIC,बेसिक (एक कंप्यूटर भाषा),,
basic control,"1. मूल नियंत्रण ,2. आधार नियंत्रण",,
basic input,"1. मूल निवेश ,2. आधारी निवेश",,
basic instruction,आधारभूत अनुदेश,,
basic output,आधारी निर्गम,,
basic step,मूल चरण,,
batch,"1. बैच ,2. समूह ,3. प्रचय",,
batch file,"1. बैच फाइल ,2. बैच संचिका",,
batch position,बैच स्थिति,,
batch processing,"1. बैच प्रक्रमण ,2. समूह प्रक्रमण",,
batch system,"1. बैच तंत्र ,2. प्रचय तंत्र",,
baud,बॉड,,
baud rate,बॉड दर,,
beam,किरण पुंज,,
benchmark,"1. निर्देशमानक ,2. बैचमार्क",,
bidirectional communication,द्विदिश संचार,,
bidirectional link,विदिश कड़ी,,
binary code,द्विआधारी कूट,,
binary digit,द्विआधारी अंक,,
binary Input output system (BIOS),द्विआधारी निवेश निर्गम तंत्र (बायोस),,
binary number,द्विआधारी संख्या,,
binary operator,द्विआधारी संकारक,,
binary relation,द्विआधारी संबंध,,
binary search,द्विआधारी खोज,,
binary search tree (BST),द्विआधारी अन्वेषण तरु (बी एस टी),,
binary transfer,"1. द्विआधारी ट्रांसफर तरु ,2. द्विआधारी अंतरण",,
binary tree,द्विआधारी तरु,,
bipolar memory,"1. द्विध्रुवी स्मृति ,2. द्विध्रुवी मेमोरी",,
birth death model,"1. जन्म मरण मॉडल ,2. जन्म मरण निदर्श",,
birth death process,जन्म मरण प्रक्रम,,
bit,"1. द्वयंक ,2. बिट",,
bit fault,बिट दोष,,
bit map,बिट प्रतिचित्र,,
bit map pixel (BMP),"1. बिट ,2. प्रतिचित्र ,3. पिक्सेल (बी एम पी)",,
bit matrix,"1. बिट आव्यूह ,2. बिट सारणी",,
bit pattern,बिट प्रतिरूप,,
bit position,बिट स्थिति,,
bit rate,"1. बिट रेट ,2. बिट दर",,
black box testing,अंध पेटी परीक्षण,,
blinking,टिमटिमाना,,
block,ब्लॉक,,
block cache,"1. खंडक दुतिका, 2. ब्लाक कैश/खंडक स्मृति",,
block check,खंडक जांच,,
block copy,खंड प्रतिलिपि,,
block diagram,खंडक आरेख,,;
blocking network,"1. अवरोधी नेटवर्क, 2. अवरोधी जालक्रम",,
board,बोर्ड,,
book mark,पृष्ठ स्मृति,,
boolean algebra,बूलीय बीजगणित,,
boolean relation,बूलीय संबंध,,
boot partition,बूट विभाजन,,
boot strapping,बूट स्ट्रैपिंग,,
boot-strap loader,1.बूटस्ट्रैप भारक 2. स्वोत्थानी,,
bridge,"1.ब्रिज, 2. सेतु",,
broadband networking,ब्राडबैंड नेटवर्क,,
broadcast,प्रसारण,,
broadcast radio,प्रसारण रेडियो,,
browse,(नेट) विचरण,,
browser,(नेट) विचरक,,
B-Tree,बी-तरु,,
bubble memory,"1.बुदबुद स्मृति, 2.बबल मेमोरी",,
bubble sort,बुदबुद छंटाी,,
bucket,"1.बाल्टी, 2.बकेट",,
buddy system,"1.बंधुता तंत्र, 2.बडी तंत्र",,
budget effective control,बजट प्रभावी नियंत्रण,,
buffer,बफर,,
bug,दोष,,
bus,बस,,
byte,"1.अष्ट वयंक,2. बािट (आठ बिट)",,
byte code,बािट कोड,,
c,सी (कंप्यूटर भाषा),,
C++,"1.सी प्लस प्लस,2.C++(कंप्यूटर भाषा)",,
cache,"1.कैश,2. द्रुतिका,3.द्रुत",,
cache buffer,"1.कैश बफर, 2.द्रुतस्मृति बफर",,
cache memory,"1.कैश स्मृति, 2.कैश मेमोरी, 3.द्रुत स्मृति",,
calculation,परिकलन,,
calculator,"1.कैलकुलेटर, 2.परिकलक",,
calculator chip,"1.कैलकुलेटर चिप,2. परिकलक चिप",,
call,आह्वान,,
call by name,नाम आह्वान,,
call by reference,संदर्भ आह्वान,,
call by value,मान आह्वान,,
call by variables,चर आह्वान,,
call gate,आहवान गेट,,
cancel,"1.निरस्त करना, 2.रद्द करना",,
cancel button,निरसन बटन,,
canonical,"1.विहित,2. कैनॉनिकल",,
canonical form,विहित रूप,,
capability,क्षमता,,
capability list,क्षमता सूची,,
capacity,"1.क्षमता,2. धारिता",,
caps lock key,कैप्स लॉक कुंजी,,
card,"1.कार्ड,2. पत्रक",,
card reader,कार्ड पाठक,,
cardinality,प्रमुखता,,
carrier,वाहक,,
carrier band,वाहक बैंड,,
carrier load,वाहक भार,,
carrier signal,वाहक संकेत,,
carrier wave,वाहक तरंग,,
carry,हासिल,,
carry digit,हासिल अंक,,
carry flag,हासिल ध्वज,,
cartridge disk,"1.काट्रिज डिस्क, 2.काट्रिज चक्रिका",,
cascade,"1.कास्केड, 2.सोपानी",,
case,केस,,
cathod ray tube (CRT),कैथोड-रे-टयूब (सी आर टी),,
cathode ray tube (CRT),कैथोड किरण नलिका (सी. आर. टी.) कैथोड-रे-टयूब,,
CD ROM disk drive,सी डी रॉम डिस्क ड्रािव,,
cell,सेल,,
cell animation,सेल एनीमेशन,,
cellular phone,सेल्युलर फोन,,
central memory,"1.केंद्रीय स्मृति,2. केंद्रीय मेमोरी",,
central processing unit (CPU),केद्रीय प्रक्रमण एकक (सी पी यू),,
centralized system,केंद्रीकृत तंत्र,,
certified tape,प्रमाणीकृत टेप,,
chain,श्रृंखला,,
chain data,"1.श्रृंखला आंकड़ा, 2.श्रृंखला सामग्री",,
chain link,श्रृंखला कड़ी,,
chaining,श्रृंखलन,,
channel,"1.प्रणाल, 2.चैनल",,
channel busy tone,"1.प्रणाल व्यस्त टोन, 2.चैनल व्यस्त टोन",,
channel capacity,"1.प्रणाल क्षमता, 2.चैनल क्षमता",,
channel controller,"1.प्रणाल नियंत्रक, 2.चैनल नियंत्रक",,
channel error,"1.प्रणाल त्रुटि, 2.चैनल त्रुटि",,
channel program,"1.चैनल कार्यक्रम, 2.चैनल प्रोग्राम",,
channel reliability,"1.प्रणाल विश्वसनीयता, 2.चैनल विश्वसनीयता",,
channel set,"1.प्रणाल समुच्चय, 2.चैनल समुच्चय",,
character,संप्रतीक,,
character code,"1.संप्रतीक कूट,2. संप्रतीक कोड",,
character key,संप्रतीक कुंजी,,
character reader,संप्रतीक पाठक,,
character size,"1.संप्रतीक सािज, 2.संप्रतीक आमाप",,
chart,संचित्र,,
chassis,"1.न्याधार, 2.चैसिस",,
check bit,जाँच बिट,,
check digit,जाँच अंक,,
check sum,जाँच योग,,
check word,जाँच शब्द,,
chip,चिप,,
chip set,चिप सेट,,
choose,"1.चुनना, 2.चयन",,
chromatically,वर्णिक रूप से,,
cipher,"1.सािफर,2. शून्य,3. सीफर",,
circuit,परिपथ,,
circular list,वर्तुल सूची,,
cirus,सायरस,,
citation,उल्लेख,,
class,"1.श्रेणी, 2.वर्ग",,
class variable,वर्ग चर,,
classification,वर्गीकरण,,
clear,अपमार्जन,,
clear area,अपमार्जित क्षेत्र,,
clear channel,"1.अपमार्जित प्रणाली, 2.अपमार्जित चैनल",,
click,दबाना,,
client,"1.ग्राहक,2. क्लाइट",,
client server,"1.ग्राहक परिसेवक, 2.ग्राहक सर्वर",,
client stub,ग्राहक स्टब,,
clip art,कर्तन कला,,
clip art library,कर्तन कला पुस्तकालय,,
clip board,क्लिप बोर्ड,,
clipper,क्लिपर,,
clipper chip,क्लिपर चिप,,
clique,गुट,,
clock,"1.घड़ी,2. कालद",,
clock cycle,कालद चक्र,,
clock frequency,कालद आवृत्ति,,
clock hardware,कालद हार्डवेयर,,
clock pulse,कालद स्पंद,,
clock speed,कालद गति,,
clock synchronization,कालद तुल्यकालन,,
clock tick,कालद टिक,,
clone,क्लोन,,
close,बंद,,
close circuit TV (CCTV),संवृत परिपथ टी.वी. (सी.सी.टी.वी.),,
closure,संवरण,,
cloud computing,"1.मेघाभिकलन,2.क्लाुड कंप्यूटिंग",,
cluster,गुच्छ,,
coated card,"1.विलेपित कार्ड,2. विलेपित पत्रक",,
coated paper,लेपित कागज,,
coaxial,समाक्षीय,,
coaxial cable,समाक्ष केबल,,
codasyl,कोडासिल,,
code,"1.कूट, 2.कोड",,
code generator,"1.कूट जनक,2. कोड जनक",,
code page,कूट पृष्ठ,,
code word,"1.कूट शब्द, 2.कोड शब्द",,
coder,"1.कोडर, 2.कूटक",,
coding check,"1.कूट लेखन जाँच, 2. कोडन जाँच",,
coding form,कूट लेखन रूप,,
coding sheet,"1.कूटलेखन पत्र, 2. कोडन शीट",,
coefficient,गुणांक,,
coherence,ससंजन,,
cold boot,"1.शीत बूट, 2.शीत प्रारंभ",,
cold start,शीत प्रारंभ,,
collaboration,सहयोग,,
collapse,निपात,,
collate,"1.परिमिलन, 2.समानुक्रमित करना",,
collate tape,"1.समानुक्रमित टेप,2. कालेट टेप",,
collision,टक्कर,,
colon,कोलन,,
colour (color),"1.वर्ण, 2.रंग",,
colour saturation,रंग संतृप्ति,,
colour table,रंग सारणी,,
column,स्तंभ,,
combination,संयोजन,,
combo box,समिश्र पेटी,,
command,"1.समादेश, 2.कमांड",,
command button,समादेश बटन,,
command list,समादेश सूची,,
comment,टिप्पणी,,
commitment,"1.वचन बद्धता, 2.प्रतिबद्धता",,
commodity,वस्तु,,
Common Business Oriented Language (Cobol),सामान्य व्यवसाय उन्मुखी भाषा (कोबोल),,
common error,सामान्य त्रुटि,,
common language,सामान्य भाषा,,
common routine,"1.सामान्य नेमक,2. सामान्य नित्यक्रम",,
communication,संचार,,
communication line,संचार रेखा,,
communication mode,संचार विधा,,
communication network,"1. संचार नेटवर्क, 2. संचार जालक्रम",,
communication parameter,संचार प्राचल,,
communication system,संचार तंत्र,,
compaction,संहनन,,
compander,संपीडप्रसारित्र,,
companding,संपीडप्रसारण,,
company network,कंपनी नेटवर्क,,
comparison test,तुलना परीक्षण,,
compatibility,"1.सुसंगति, 2.संगतता",,
compatible,सुसंगत,,
compilation,संकलन,,
compile and go,संकलन तथा कार्यपालन,,
compiler,"1.संकलक, 2.क्रमादेश अंतरक",,
compiler language,संकलक भाषा,,
complementary,पूरक,,
complement-on-ten,दस-पूरक,,
complementor,पूरक,,
complete carry,"1.संपूर्ण हस्तगत, 2.संपूर्ण हासिल",,
complex,सम्मिश्र,,
complex number,सम्मिश्र संख्या,,
component,घटक,,
component object model (COM),कॉम,,
composite,संयुक्त,,
composition,संयोजन,,
computational,"1.अभिकलनीय, 2.अभिकल्पनात्मक",,
computer,कंप्यूटर,,
computer centre,कंप्यूटर केन्द्र,,
computer expert,कंप्यूटर विशेषज्ञ,,
computer graphics,कंप्यूटर ग्राफिक्स,,
computer instruction,कंप्यूटर अनुदेश,,
computer language,"1.कंप्यूटर भाषा, 2.अभिकलक भाषा",,
computer network,"1.कंप्यूटर नेटवर्क, 2.कंप्यूटर जालक्रम",,
computer science,कंप्यूटर विज्ञान,,
computer security,कंप्यूटर सुरक्षा,,
computer simulaton,कंप्यूटर अनुकरण,,
computer specialist,कंप्यूटर विशेषज्ञ,,
computerisation,कंप्यूटरीकरण,,
computerist,कंप्यूटरविद्,,
computerize,कंप्यूटरीकरण,,
computing,"1.अभिकलन,2. कंप्यूटन",,
concept,संकल्पना,,
concurrency,"1.समरूपता, 2.सहसंगता, 3.संगमन",,
concurrent,"संगामी, समरूपी",,
condition variable,प्रतिबंध चर,,
conditional operator,प्रतिबंधित संकारक,,
conditional statement,प्रतिबंधित कथन,,
conductor,चालक,,
conferencing,"1.दूर सम्मेलन, 2.सम्मेलन",,
confidentiality,गोपनीयता,,
configuration,"1.संविन्यास, 2.संरूपण",,
congestion,संकुलन,,
conjunction,संयोजन,,
connect speed,संबंधन गति,,
connection,संबंधन,,
connection less communication,संबंधन रहित संचार,,
connection release,संबधन मुक्ति,,
connectivity,संयोजकता,,
connector,"1.संबंधक, 2.संयोजक",,
consecutive,क्रमागत,,
consequent,अनुवर्ती,,
console,कन्सोल,,
consolidation,समेकन,,
constant,"1.नियतांक,2. स्थिरांक",,
constant instruction,अचर अनुदेश,,
constraint,प्रतिबंधित,,
constructor,संरचक,,
container,पात्र,,
content,"1.अन्तर्वस्तु, 2.अंश",,
context,सन्दर्भ,,
context free grammar (CFG),सन्दर्भ मुक्त व्याकरण (सी एफ जी),,
context switch,सन्दर्भ स्विच,,
contingency,"1.आकस्मिक, 2.आकस्मिकता",,
contraction,विसंगति,,
contrast,विपर्यास,,
control,नियंत्रण,,
control area,नियंत्रण क्षेत्र,,
control bit,नियंत्रण बिट,,
control bus,नियंत्रक बस,,
control card,नियंत्रण कार्ड,,
control circuit,नियंत्रण परिपथ,,
control cycle,नियंत्रण चक्र,,
control engineering,"1.नियंत्रण अभियांत्रिकी, 2.नियंत्रण इंजीनियरी",,
control key,नियंत्रण कुंजी,,
control logic,नियंत्रण तर्क,,
control loop,नियंत्रण पाश,,
control mark,नियंत्रण चिन्ह,,
control operation,नियंत्रण संक्रिया,,
control panel,नियंत्रण पैनल,,
control signal,नियंत्रण संकेत,,
control switch,नियंत्रण स्विच,,
control tape,नियंत्रण टेप,,
control terminal,"1.नियंत्रण टर्मिनल, 2.नियंत्रण अंतक",,
control unit (CU),"1.नियंत्रण एकक,2. नियंत्रण इकाई",,
convergence,अभिसरण,,
conversation,संवाद,,
conversational time sharing,संवादी काल भाजन,,
conversion,रूपांतरण,,
converter,परिवर्तक,,
Cook's theorem,कुक-प्रमेय,,
co-processor,सह प्रक्रमक,,
copy,प्रतिलिपि,,
copyright,सर्वाधिकार,,
cord,कॉर्ड,,
cordless telephone,"1.कॉर्डलेस टेलीफोन,2. तार रहित टेलीफोन, 3. तार रहित दूरभाष",,
corollary,उपप्रमेय,,
correction,संशोधन,,
corrupted,"1.अनुपयोगी, 2. विकृत",,
count,गणना,,
counter,गणक,,
country code,देश कूट,,
covariance,सहप्रसरण,,
coverage,"1.व्याप्ति क्षेत्र,2. प्रसारण",,
crash,ध्वंस,,
critical path,क्रांतिक पथ,,
critical path method (CPM),क्रांतिक पथ विधि (सी पी एम),,
cross check,"1.प्रति परीक्षण, 2.क्रास जांच",,
cross compiler,"1.क्रॉस क्रमादेश-अंतरक,2. प्रति क्रमादेश-अंतरक",,
cross fire,अप्रासंगिक सिग्नल,,
cross talk,अप्रासंगिक वार्ता,,
cryptographic,गूढालेखी,,
cryptography,"1.गूढालेखन, 2.गूढालेखिकी, 3.क्रिप्टोग्राफी",,
currency symbol,मुद्रा प्रतीक,,
current directory,वर्तमान निर्देशिका,,
current window,वर्तमान विंडो,,
cursor,कर्सर,,
curve,वक्र,,
cut and paste,"1.काटो और चिपकाओ, 2.कर्तन और चिपकाना",,
cut method,कर्तन विधि,,
cyber,सािबर,,
cyber café,सािबर कैफे,,
cyber cash,सािबर कैश,,
cyber crime,सािबर अपराध,,
cyber delics,सािबर डेलिक्स,,
cyber law,सािबर कानून,,
cyber sex,सािबर सेक्स,,
cybernatics,"1.सािबर विज्ञान,2. साइबरनेटिक्स",,
cybernation,"1.सािबरकरण,2. सािबरीकरण",,
cycle,चक्र,,
cycle memory,"1.चक्र स्मृति, 2.चक्र मेमोरी",,
cycle steal,चक्र हरण,,
cycle time,चक्र काल,,
cyclic,चक्रीय,,
daemon,डेमॉन,,
daisy wheel,डेजी चक्र,,
data administrator,आँकड़ा प्रशासक,,
data allocation,आँकड़ा नियतन,,
data area,"1.आँकड़ा क्षेत्र, 2.डाटा क्षेत्र",,
data array,"1.आँकड़ा सरणी,2. ऑकड़ा व्यूह",,
data base,"1.डाटा-बेस, 2. आँकड़ा आधार",,
data break,डाटा विभंग,,
data bus,"1.आँकडा बस, 2. डाटा बस",,
data carrier,"1.ऑकड़ा वाहक, 2.डाटा वाहक",,
data cell,आँकड़ा कोष्ठिका,,
data channel,"1.आँकड़ा प्रणाल, 2. आँकड़ा चैनल",,
data communication,आँकड़ा संचार,,
data compression,"1.आँकड़ा संपीडन, 2. डाटा संपीडन",,
data field,आँकड़ा क्षेत्र,,
data file,आँकड़ा संचिका,,
data flow,"1.आँकड़ा प्रवाह, 2. डाटा प्रवाह",,
data flow Chart,"1.आँकड़ा प्रवाह संचित्र, 2.चार्ट",,
data hierarchy,आँकड़ा पदानुक्रम,,
data level,आँकड़ा स्तर,,
data library,"1.आँकड़ा संग्रह, 2. आँकड़ा लाइब्रेरी",,
data link layer,आँकड़ा कड़ी परत,,
data link layer (DLL),आँकड़ा कड़ी परत (डी एल एल),,
data management,"1.आँकड़ा प्रबंधन, 2.डाटा प्रबंधन",,
data manipulation,"1.ऑकड़ा प्रकलन, 2.डाटा प्रकलन",,
data manipulation language (DML),आँकड़ा प्रकलन भाषा (डी एम एल),,
data modem,"आँकड़ा माडेम, डाटा माडेम",,
data modification,"1.आँकड़ा आपरिवर्तन, 2. आँकड़ा आशोधन",,
data network,"1.आँकड़ा जालक्रम, 2.डाटा नेटवर्क",,
data operation,"1.आँकड़ा संक्रिया, 2.डाटा संक्रिया",,
data organization,"1.आँकड़ा संगठन्अ,2. डाटा संगठन",,
data output,"1.आँकड़ा निर्गम, 2.डाटा निर्गम",,
data path,"1.आँकड़ा पथ, 2. डाटा पथ",,
data prepration,"1.आँकड़ा तैयारी, 2. डाटा तैयारी",,
data privacy,"1.आँकड़ा गोपनीयता, 2. डाटा गोपनीयता",,
data processor,"1.ऑकड़ा प्रक्रमक, 2. डाटा प्रक्रमक",,
data protection,"1.आँकड़ा रक्षण, 2. डाटा रक्षण",,
data record,"1.आँकड़ा अभिलेख, 2. डाटा अभिलेख",,
data retrieval,"1.आँकड़ा पुनः-प्राप्ति, 2. डाटा पुन:प्राप्ति",,
data routine,"1.आँकड़ा नेमिक, 2. आँकड़ा रुटीन",,
data security,"1.आँकड़ा सुरक्षा, 2. डाटा सुरक्षा",,
data set,"1.आँकड़ा समुच्चय,2. डाटा समुच्चय",,
data signal,"1.आँकड़ा संकेत, 2.डाटा संकेत",,
data sink,"1.आँकड़ा अभिगम, 2. डाटा अभिगम",,
data source,"1.आँकड़ा स्रोत, 2.डाटा स्रोत",,
data specification,"1.आँकड़ा विनिर्देश,2. डाटा विनिर्देश",,
data station,"1.आँकड़ा केंद्र, 2. डाटा केंद्र",,
data storage,"1.ऑकड़ा भंडारण, 2. डाटा भंडारण",,
data storage structure,आँकड़ा भंडारण संरचना,,
data structure,"1.ऑकड़ा संरचना, 2. डाटा संरचना",,
data switch,"1.आँकड़ा स्विच, 2. डाटा स्विच",,
data table,"1.आँकड़ा सारणी, 2.डाटा सारणी",,
data terminal,"1.आँकड़ा अंतक,2. डाटा अंतक",,
data transcription,"1.आँकड़ा अनुलेखन, 2. डाटा अनुलेखन",,
data transfer,"1.आँकड़ा अंतरण,2. डाटा अंतरण",,
data transmission,"1.आँकड़ा संचरण, 2. डाटा संचरण",,
data transmission Channel,"1.आँकड़ा संचरण प्रणाली, 2. डाटा संचरण प्रणाली",,
data type,"1.आँकड़ा प्रारुप, 2. डाटा प्रारुप",,
data unit,"1.आँकड़ा एकक, 2. डाटा एकक",,
data validation,"1.आँकड़ा मान्यीकरण, 2. डाटा मान्यीकरण",,
database,डाटाबेस,,
database adminstration,डाटाबेस प्रशासन,,
database design,डाटाबेस अभिकल्प,,
database management system,डाटाबेस प्रबंधन तंत्र,,
datagrav,"1.आँकड़ाग्रेव, 2. डाटाग्रेव",,
datum,"1.डेटम, 2. ऑकड़ा",,
dead zone,"1.अक्रिय क्षेत्र, 2.निष्क्रिय क्षेत्र",,
deadlock,गतिरोध,,
deadlock prevention,गतिरोध रोकथाम,,
debug,दोष मार्जन,,
decision box,"1.निर्णय कोष्ठ, 2. निर्णय पेटी",,
decision making process,निर्णय निर्धारण प्रक्रम,,
decision support system,निर्णय सहायक तंत्र,,
decision tree,निर्णय वृक्ष,,
decoder,"1.कुटवाचक, 2. विकोडक",,
decomposition principle,विघटन सिद्धांत,,
decryption,विकोडन,,
dedicated channel,समर्पित प्रणाल,,
dedicated port,समर्पित दवारक,,
defence data network (DDN),प्रतिरक्षण आँकडा नेटवर्क (डी डी एन),,
defence information system,प्रतिरक्षण सूचना प्रणाली,,
defragmentation,एकीकरण,,
delay,विलंब,,
delay counter,विलंब गणक,,
delay time,विलंब काल,,
delete,"1.मिटाना, 2. हटाना",,
deletion record,विलोपन अभिलेख,,
delimiter,परिसीमक,,
delta modulation,डेल्टा माँडुलन,,
demand paging,माँग पृष्ठन,,
demo,प्रदर्शन,,
demodulation,विमाडुलन,,
demultiplexer,वि-बहुसंकेतक,,
denormalization,असमान्यीकरण,,
density,"1.घनत्व, 2. सधनता",,
dependency,"1.आश्रिता, 2. निर्भरता",,
dependent unit,आश्रित एकक,,
dequeue,विपंक्ति,,
dereferencing,"1.अपनिर्देशन, 2. अपसंदर्भन",,
derivation tree,व्युत्पन्न वृक्ष,,
derived field,व्युत्पन्न क्षेत्र,,
descending sort,अवरोही छंटाई,,
design,अभिकल्प,,
desk calculator,डेस्क परिकलक,,
desk top computer,डेस्कटॉप कंप्यूटर,,
desktop presentation,डेस्कटॉप प्रस्तुतिकरण,,
desktop publishing (DTP),डेस्कटॉप प्रकाशन,,
desktop video,डेस्कटॉप वीडियो,,
destination address,गंतव्य पता,,
destructer,"1.विनाशक,  2.अपध्वंशक",,
deterministric automats,निर्धारणात्मक ऑटोमेटा,,
developer,विकासक,,
development system,विकास तन्त्र,,
device,युक्ति,,
device control unit,युक्ति नियंत्रण एकक,,
device controller,युक्ति नियंत्रक,,
device management,युक्ति प्रबंधन,,
device mode,युक्ति विधा,,
diagnosis,निदान,,
diagnostic system,निदानी तंत्र,,
diagnostics,"1.निदान, 2. निदानिकी",,
diagram,आरेख,,
dial,डायल,,
dial line,डायल लाइन,,
dial tone,डायल टोन,,
dial up,डायल अप,,
dialog,"1.संवाद, 2. वार्तालाप",,
dialog box,वार्तालाप कोष्ठ,,
dialup modem,डायलअप मॉडम,,
diamension,विमा,,
dictionary,शब्दकोश,,
differentiation,"1. अवकलन ,2. विभेदन",,
digital,अंकीय,,
digital channel,अंकीय प्रणाल,,
digital circuit,अंकीय परिपथ,,
digital computer,अंकीय कंप्यूटर,,
digital data,"1.अंकीय आँकड़ा, 2.अंकीय डाटा",,
digital facility,अंकीय सुविधा,,
digital filter,अंकीय फिल्टर,,
digital library,अंकीय लाइब्रेरी,,
digital modulation,अंकीय माडुलन,,
digital monitor,"1.अंकीय प्रदर्श, 2. डिजीटल मॉनीटर",,
digital picture,अंकीय चित्र,,
digital signature,"1.अंकीय हस्ताक्षर, 2. अंकीय चिन्हक",,
digital switch,अंकीय स्विच,,
digital to analog (D/A) converter,अंकीय अनुरूप रूपांतरक,,
digitization,अंकरूपण,,
digitize,अंकीकरण,,
digitizer,अंकरूपक,,
diode,डायोड,,
direct,प्रत्यक्ष,,
direct address,प्रत्यक्ष पता,,
direct conversion,प्रत्यक्ष रुपांतरण,,
direct coupling,प्रत्यक्ष युग्मन,,
direct memory access (DMA),"1.प्रत्यक्ष स्मृति अभिगम, 2. प्रत्यक्ष मैमोरी अभिगम (डी एम ए)",,
direct memory acess (DMA),प्रत्यक्ष स्मृति अभिगम (डी एम ए),,
direct method,प्रत्यक्ष विधि,,
directive,निदेश,,
directory,निर्देशिका,,
directory server,"1.निर्देशिका परिसेवक, 2. निर्देशिका सर्वर",,
directory service,निर्देशिका सेवा,,
disable,असमर्थ,,
disabling signal,असमर्थकारी संकेत,,
disconnect,"1.असंबंधन, 2. विसंबंधन",,
discrete,"1.असतत , 2. विविक्त",,
disk,"1.चक्रिका, 2. डिस्क",,
disk address,"1.चक्रिका पता, 2. डिस्क पता",,
disk array,"1.चक्रिका सरणी, 2. डिस्क सरणी",,
disk capacity,"1.चक्रिका क्षमता, 2. डिस्क क्षमता",,
disk drive,"1.चक्रिका चालक, 2.डिस्क ड्रािव",,
disk file,चक्रिका संचिका,,
disk memory,"1.चक्रिका स्मृति, 2. चक्रिका मेमोरी, 3.डिस्क स्मृति,4. डिस्क मेमोरी",,
disk operating system (DOS),चक्रिका परिचालन तंत्र (डी ओ एस),,
disk pack,चक्रिका संकुल,,
disk server,"1.चक्रिका परिसेवक, 2. डिस्क सर्वर",,
disk storage,"1.चक्रिका भंडारण, 2. डिस्क भंडारण",,
diskette,डिस्केट,,
display file,प्रदर्श संचिका,,
display image,प्रदर्श प्रतिबिंब,,
disposal,निपटान,,
distance,दूरी,,
distance function,दूरी फलन,,
distortion,विरूपण,,
distributed,वितरित,,
distributed data,वितरित आँकड़ा,,
distributed server,वितरित परिसेवक,,
distributed system,"1.वितरित प्रणाली, 2. वितरित तंत्र",,
distributive,वितरक,,
document,प्रलेख,,
document retrieved,प्रलेख प्रत्यानयित,,
document window,"1.प्रलेख खिडक़ी, 2. प्रलेख विंडो",,
documentation,प्रलेखन,,
domain,"डोमेन, प्रक्षेत्र",,
domain name,डोमेन नाम,,
dot matrix printer,"1.डॉट मैट्रिक्स मुद्रक, 2. डॉट मैट्रिक्स प्रिंटर",,
down,"अध:, नीचे",,
down link,"1.अवलिंक , 2.अवकड़ी",,
down loading,अधोभारण,,
down time,अधोभारण काल,,
dragging,कर्षण,,
DRAM (dynamic RAM),डीरैम (गतिक रैम),,
drift,अपवाह,,
driver,चालक,,
drop,पात,,
drop down list box,निपात सूची बॉक्स,,
drum drive,ड्रम ड्रािव,,
drum printer,"1.ड्रम मुद्रक, 2. ड्रम प्रिंटर",,
drum unit,"1.इम एकक, 2. ड्रम इकाई",,
dual,"1.द्वैत,2. द्वि",,
dual density,द्वैत घनत्व,,
dummy address,"1.मूक पता, 2. छद्म पता",,
dump,सन्निक्षेप,,
duplex circuit,दवैध परिपथ,,
duplexing,दवैधीकरण,,
duplicate,केय्प्रतिकुंजी,,
DVD R/W,"1.डी वी डी आर./डब्ल्यू ,2. डी वी डी पठन, 3.लेखन",,
DVD ROM,डी वी डी रॉम,,
dynamic instruction,गतिक अनुदेश,,
dynamic memory,"1.गतिक स्मृति, 2.गतिक मेमोरी",,
dynamics,"1.गति विज्ञान, 2. गतिकी",,
EBCDIC,ई बी सी डी आई सी,,
e-business,ई व्यवसाय,,
echo,प्रतिध्वनि,,
e-commerce,"1.ई-कॉमर्स, 2.ई-वाणिज्य",,
edit,संपादन,,
editor,संपादक,,
educational technology,शैक्षिक प्रौद्योगिकी,,
EEP rom,ई ई पी रॉम,,
effective address (floating address),"1.सार्थक पता , 2.प्रभावी पता",,
effective operand address,सार्थक संकार्य पता,,
effective procedure,प्रभावी क्रिया,,
effective UID (user identification),प्रभावी यू.आई.डी.,,
efffective transmission operand,प्रभावी संचरण संकार्य,,
eight-bit byte,अष्टबिट बािट,,
e-learning,"इलेक्ट्रॉनिक अधिगम, ई अधिगम",,
election-algirthm,चुनाव एल्गोरिथम,,
electric mailing (e-mail),इलेक्ट्रोनिक डाकसेवा (ई. मेल),,
electric printer,"1.इलेक्ट्रोनिक मुद्रण, 2.इलेक्ट्रोनिक प्रिटर",,
electrical accounting machine,विद्युत लेखा मशीन,,
electronic,इलेक्ट्रोनिकी,,
electronic clearance system (ECS),इलैक्ट्रॉनिक निकास प्रणाली (ई.सी.एस.),,
electronic data interchange (EDI),इलेक्ट्रॉनिक आँकड़ा विनिमय (इ.डी.आई.),,
electronic data processing,इलेक्ट्रोनिक आंकड़ा संसाधन,,
electronic filing,इलेक्ट्रॉनिक विवरणिक,,
electronic funds transfer System (EFTS),इलेक्ट्रोनिक निधि अंतरण तंत्र (ई.एफ.टी.एस),,
electronic journals,"1.इलेक्ट्रॉनिक जर्नल, 2.इलेक्ट्रानिक पत्रिका",,
electronic publishing,इलेक्ट्रॉनिक प्रकाशन,,
electronic switch,इलेक्ट्रॉनिक स्विच,,
element,"तत्व, अवयव",,
e-mail,ई-मेल,,
e-mail address,"1.ई-मेल पता, 2. इलेक्ट्रॉनिक डाक पता",,
embedded system,अंत:स्थापित तंत्र,,
embedding,अंत:स्थापन,,
emitter couple logic (ECL),उत्सर्जक युग्मित तर्क (ई.सी.एल.),,
empty stack,रिक्त चिति,,
empty string,"1.रिक्त श्रृंखला, 2. रिक्त माला",,
emulation,यंत्रानुकरण,,
encapsulation,"1.केप्सूलीकरण, 2. केप्सूलन",,
encipher,कूटलेखक,,
encode,कूटलेखन,,
encoder,"1.कूटलेखक, 2. कोडक",,
encrepted data,गूढ आंकडा,,
encripting file system,गूढ फािल सिस्टम,,
encryption,"1.गोपन, 2. कोडन, 3. कूटलेखन",,
end of block,खंडक अंत,,
end of file (EOF),संचिका-अन्त,,
end-user,प्रयोक्ता,,
enter,प्रवेश,,
enter-key,प्रवेश कुंजी,,
enterprise server,"1.उद्यम सरवर, 2. उद्यम सेवक",,
enterprise system,उद्यम तंत्र,,
entity,सत्ता,,
entity-relationship,सत्ता संबंधता,,
entry time,प्रवेश काल,,
entry variable,प्रविष्ट चर,,
enumerable,गणनीय,,
environment,परिवेश,,
epoch,"1.ईपोच,2. युग,3. निर्देश क्षण",,
EPROM,ईप्राम (वित्तोरण प्रोग्राम्य पठन मात्र स्मृति),,
epsilon closure,एपसिलॉन संवरक,,
equalizer,तुल्यकारक,,
equipment,उपस्कर,,
equivalence class,तुल्यता वर्ग,,
equivalence relation,तुल्य संबंध,,
erase,"1.विलोपन, 2.मिटान",,
error correcting code,त्रुटि संशोधन कूट,,
error correction,त्रुटि संशोधन,,
error detection,त्रुटि संसूचन,,
error handling,त्रुटि प्रहस्तन,,
error message,त्रुटि संदेश,,
error rate,त्रुटि दर,,
error recovery,त्रुटि पुनर्डद्धार,,
error routine,त्रुटि नेमक,,
escape character,पलायन संप्रतीक,,
ethernet,ईथरनेट,,
event,घटना,,
event chain,घटना श्रृंखला,,
event control,घटना नियंत्रण,,
event counter,घटना गणक,,
exception handling,अपवाद प्रहस्तन,,
exchangeable disk storage,विनिमय डिस्क भंडारण,,
exclusion,अपवर्जन,,
exclusive Or (XOR),अनन्य और (एक्स ऑर),,
executable program,निष्पाद्य क्रमादेश,,
executive statement,निष्पादन कथन,,
exhaustive search,चयनिक खोज,,
exist,विदयमान,,
exit,निर्गम,,
expert system,विशेषज्ञ तंत्र,,
expression,"1. अभिव्यक्ति ,2. व्यंजक",,
extended graphic array (XGA),विस्तारित आलेखीय आव्यूह (एक्स जी ए),,
extended industry standard (EIS),विस्तारित औदयोगिक मानक (इ.आई.एस.),,
extended machine,अतिदेशित मशीन,,
extended memory,विस्तारित स्मृति,,
extended precision,"1.विस्तारित परिशुद्धता, 2.विस्तारित यर्थाथता",,
extended sorting,"1.विस्तारित छंटाी, 2. विस्तारित पृथक्करण",,
external call,वाह्य आह्वान,,
external error,वाह्य त्रुटि,,
external function,वाह्य फलन,,
external interrupt,वाह्य अंतरायन,,
external memory,"1.वाह्य स्मृति, 2. वाह्य मेमोरी",,
external memory,वाह्य स्मृति,,
external modem,वाह्य मॉडेम,,
external reference,वाह्य संदर्भ,,
external searching,वाह्य खोज,,
external storage device,वाह्य भंडारण युक्ति,,
extraction,निष्कर्षण,,
extrapolation,बहिर्वेशन,,
face-character printer,फलक संप्रतीक मुद्रक,,
fail-safe operation,विफल-सुरक्षा संक्रिया,,
failure rate,विफलता दर,,
failure recovery,विफलता मुक्ति,,
false code,मिथ्या कूट,,
false error,मिथ्या त्रुटि,,
fan-in,"1.निवेशाँक, 2. निवेश-अंक",,
fan-out,"1.निर्गताँक, 2. निर्गत-अंक",,
fascimile I/O device,"1.प्रतिकृति आई/ ओ युक्ति ,2. प्रतिकृति निवेश युक्ति/निर्गम",,
fast fourier transform (FFT),द्रुत फौरिएर अन्तरण,,
fatal error,घातक त्रुटि,,
fault detection,दोष संसूचन,,
fault diagnosis,दोष निदान,,
fault tolerance,दोष सहिष्णुता,,
fax,फैक्स,,
fax message,फैक्स संदेश,,
FDC,एफ डी सी,,
feature detection,लक्षण संसूचन,,
feed cycle,भरण चक्र,,
feedback,पुनर्निवेश,,
feeder,"1.प्रदायक,2.पोषक, 3.फीडर",,
fetch,आनयन,,
fibonacci search,फिबोनेकी खोज,,
fibonacci sequence,फिबोनेकी अनुक्रम,,
fibonacci series,फिबोनेकी श्रेणी,,
fibre optics,तंतु प्रकाशिकी,,
fido net,फिडो जाल,,
field,क्षेत्र,,
fifth generation computers,पंचम पीढ़ी कम्प्यूटर,,
file,"1.संचिका,2. फािल",,
file access method,संचिका अभिगम विधि,,
file allocation table,संचिका नियतन सारणी,,
file compression,संचिका संपीडन,,
file copying,संचिका प्रतिलिपिकरण,,
file layout,संचिका विन्यास,,
file merge,संचिका विलय,,
file recovery,संचिका पुन:प्राप्ति,,
file storage,संचिका भंडारण,,
file structure,संचिका संरचना,,
file system,संचिका तंत्र,,
file transfer,संचिका अंतरण,,
file transfer protocol (FTP),फाील अंतरण प्रोटोकॉल (एफ टी पी),,
filter,फिल्टर,,
final state,अंतिम स्थिति,,
find,खोज,,
finite state machine,परिमित अवस्था यंत्र,,
fire wall,फायर वॉल,,
firmware,फर्मवेयर,,
first come first serve,पहले आो पहले पाो,,
first generation computer,प्रथम पीढ़ी कंप्यूटर,,
first in first out (FIFO),प्रथम निवेश प्रथम निर्गम (फीफो ),,
first order logic,प्रथम कोटि तर्क,,
first order theory,प्रथम कोटि सिद्धांत,,
fixed partition,नियत विभाजन,,
flag,चिन्ह,,
flexible disk,नम्य डिस्क,,
floppy disk,फ्लॉपी डिस्क,,
flopy disk drive (Fdd),फ्लापी डिस्क चालन (एफ डी डी),,
flow chart,प्रवाह संचित्र,,
flow of control,नियंत्रण प्रवाह,,
flush,प्रधावन,,
folder,फोल्डर,,
font,फाँट,,
font family,फाँट परिवार,,
foreign key,वाह्य कुंजी,,
form,रूप,,
formal language,प्रतीकात्मक भाषा,,
formal system,प्रतीकात्मक विधि,,
format,"1.फॉरमैट, 2.आरूप",,
formatting,आरूपण,,
fortran,फोरट्रॉन,,
fortran programming,"1.फोरट्रॉन (एक कंप्यूटर भाषा) प्रोग्राम, 2.फोरट्रान क्रमादेशन",,
forward slash,अग्रतिर्यक स्लैश,,
fourth generation computer,चतुर्थ पीढ़ी कंप्यूटर,,
fragment,खंड,,
frame,फ्रेम,,
free net,"1.मुक्त नेट, 2.मुक्त जाल",,
free software foundation,मुक्त सॉफ्टवेयर न्यास,,
free storage,मुक्त भंडारण,,
freeware,फ्रीवेयर,,
front end,अग्रांत,,
front panel,"1.अग्र पट्टिका, 2.अग्र पैनल",,
function,"1.प्रकार्य,2. फलन",,
function key,प्रकार्य कुंजी,,
function reference,प्रकार्य संदर्भ,,
functional dependency,प्रकार्यात्मक निर्भरता,,
functional testing,प्रकार्य परीक्षण,,
fuzzy logic,"1.अस्पष्ट तर्क, 2.फज्जी लॉजिक",,
fuzzy set,"1.अस्पष्ट समुच्चय, 2.फज्जी सेट",,
gain,लब्धि,,
game tree,खेल तरू,,
gap character,अंतराल संप्रतीक,,
garbage,कचरा,,
garbage collection,कचरा संग्रहण,,
garbage collection,कचरा संग्रहण,,
garbage in garbage out (GIGO),कचरा अंदर कचरा बाहर (गीगो),,
gate,द्वार,,
gateway,दवार पथ (नेटवर्क के संदर्भ में),,
general program,व्यापक क्रमादेश,,
general program,व्यापक क्रमादेश,,
general purpose computer,व्यापक उद्देश्य कंप्यूटर,,
general purpose computer,व्यापकीकृत उद्देश्य कंप्यूटर,,
general register,सामान्य पंजी,,
generalization,व्यापकीकरण,,
generalization,व्यापकीकरण,,
general-purpose language,व्यापक उद्देशीय भाषा,,
general-purpose operating sysem,व्यापक उद्देश्य संक्रिया प्रणाली,,
general-purpose regisgter,व्यापक उद्देश्य पंजी,,
generated error,जनित त्रुटि,,
generating function,जनन प्रकार्य,,
generic class,वर्ग सामान्य,,
generic function,वर्ग प्रकार्य,,
generic name,सामान्य वर्गनाम,,
gigo,गीगो,,
global,"1.सार्वत्रिक, 2.वैश्विक",,
global code,सार्वत्रिक कूट,,
global lock,सार्वत्रिक ताला,,
global network,"1.सार्वत्रिक जालक्रम,2.सार्वत्रिक नेटवर्क",,
global network,सार्वत्रिक जालक्रम,,
global user,"1.विश्व प्रयोक्ता, 2.सार्व प्रयोक्ता, 3.सार्वत्रिक प्रयोगकर्ता",,
global variable,सार्वत्रिक चर,,
globalisation,"1.वैश्वीकरण, 2.भूमण्डलीकरण",,
gopher,गोफर (नेटवर्क में एक प्रोटोकॉल),,
gopher client,गोफर ग्राही,,
gopher server,"1.गोफर परिसेवक, 2.गोफर सर्वर",,
gopher site,गोफर स्थल,,
gopher space,गोफर स्पेस,,
graceful degradation,आकर्षक निम्नीकरण,,
grammar checker,व्याकरण संशोधक,,
grammar graceful exit,व्याकरण आकर्षक बहिगर्मन,,
grand total,"1.कुल जोड़, 2.महायोग, 3.कुल योग",,
graph,"1.ग्राफ, 2.आलेख",,
graph plotting,"1.ग्राफ अंकन, 2.आलेख अंकन",,
graphic character,"1.ग्राफीय संप्रतीक, 2.आलेखीय संप्रतीक",,
graphic controller,"1.ग्राफीय नियंत्रक, 2.आलेखीय नियंत्रक",,
graphic data structure,"1.ग्राफीय आंकड़ा संरचना, 2.आलेखीय आंकड़ा संरचना",,
graphic display program,"1.ग्राफीय प्रदर्श क्रमादेश, 2.आलेखीय प्रदर्श क्रमादेश",,
graphic display resolution,"1.ग्राफीय प्रदर्श विभेदन, 2.आलेख प्रदर्श",,
graphic language,"1.ग्राफीय भाषा, 2.आलेखीय भाषा",,
graphic language,"1.ग्राफीय भाषा, 2.आलेखीय भाषा",,
graphic panel,"1.ग्राफीय पट्टिका, 2.आलेखीय पट्टिका",,
graphical animation,"1.ग्राफी एनीमेशन, 2.आलेखी एनीमेशन",,
graphical interface format (GIF),ग्राफी अन्तरण फारमेट (जीाईेफ),,
graphical user interface (GUI),"1.ग्राफी प्रयोक्ता इंटरफेस (जीयूाई), 2.ग्राफीय प्रयोक्ता अंतरापृष्ठ",,
graphics,"1.आलेखी, 2.ग्राफिक्स",,
graphics application,"1.ग्राफिक्स अनुप्रयोग, 2.आलेखीय अनुप्रयोग",,
graphics cursor,"1.ग्राफिक्स कर्सर, 2.आलेखी कर्सर",,
graphics mode,"1.ग्राफिक्स मोड, 2.आलेखी विधा",,
graphics package,"1.ग्राफिक्स पैकेज, 2.आलेखी पैकेज",,
graphics software,"1.ग्राफिक्स सॉफ्टवेयर, 2.आलेखी सॉफ्टवेयर",,
graphics software,"1.ग्राफिक्स सॉफ्टवेयर, 2.आलेखी सॉफ्टवेयर",,
graphics software package,"1.ग्राफिक्स सॉफ्टवेयर पैकेज, 2.आलेखीय सॉफ्टवेयर पैकेज",,
gray scale,ग्रे स्केल,,
greedy method,"1.लालची विधि, 2.ग्रीडी विधि",,
grep,ग्रेप,,
grid,ग्रिड,,
grid chart,ग्रिड संचित्र,,
grid computing,ग्रिड अभिकलन,,
grid modulation,ग्रिड मॉडुलन,,
ground wave,भू-तरंग,,
group,समूह,,
group address,समूह पता,,
group code,समूह कूट,,
group communication,समूह संचार,,
group communication,समूह संचार,,
group identification,"1.समूह पहचान, 2.समूह अभिज्ञान",,
group name,समूह नाम,,
groupware,समूहवेयर,,
growth,वृद्धि,,
guard,"1.रक्षक, 2.गार्ड",,
guided media,निर्देशित माध्यम,,
gunzip,गनजिप,,
hack,कूट विच्छेदन,,
hacker,कूट विच्छेदक,,
hacker's dictionary,कूट विच्छेदक शब्द कोश,,
half adder,अर्ध योजक,,
half bridge,अर्ध सेतु,,
half duplex,अर्ध द्वैध,,
half duplex line,अर्ध द्वैध लाइन,,
half duplex mode,अर्ध द्वैध विधा,,
half intensity,अर्ध तीव्रता,,
half router,अर्ध अनुमार्गक,,
half subtracter,अर्ध व्यवकलक,,
half toning,अर्ध छविकरण,,
half word,अर्ध शब्द,,
hamiltonious cycle,हेमिलटोनी चक्र,,
hamming code,हैमिंग कूट,,
hand,हस्त,,
hand copy,मुद्रित प्रति,,
handle,प्रहस्तन,,
handling,प्रहस्तन,,
hang,निलंबन,,
happy net,सुखद जाल,,
hard copy device,हार्ड कापी युक्ति,,
hard disk,"1.हार्ड डिस्क, 2.अनम्य डिस्क",,
hard disk crash,अनम्य डिस्क ध्वंस,,
hard error,कठिन त्रुटि,,
hardware flow control,हार्डवेयर प्रवाह नियंत्रण,,
harmonic,"1.हरात्मक, 2.हार्मोनिक",,
harmonic mean,"1.हरात्मक माध्य,2. हार्मानिक माध्य",,
hash,द्रुतान्वेषण,,
hash diagram,द्रुतान्वेषण आरेख,,
hash table,द्रुतान्वेषण सारणी,,
hashing technique,द्रुतान्वेषण तकनीक,,
header,"1.हैडर, 2.प्रवेशिका",,
heap,"1.पुंज , 2.ढेर",,
heap sort,पुंज छंटाई,,
help,सहायता,,
help screen,सहायता स्क्रीन,,
helpnet,"1.हैल्पजाल, 2.सहायता संजाल",,
hertz,हर्टज (फ्रीक्वेंसी/आवृति की यूनिट),,
heuristic,स्वानुभावी,,
heuristic method,स्वानुभावी विधि,,
hexadecimal numbers,षोडश आधारी संख्या,,
hidden line,अप्रत्यक्ष रेखा,,
hierarchical data base,पदानुक्रमित आँकड़आ संचय,,
hierarchical file system,पदानुक्रमित संचिका व्यवसाय,,
hierarchical topography,पदानुक्रमित रूपरेखा,,
high level language,उच्च स्तरीय भाषा,,
high memory area,उच्चस्मृति क्षेत्र,,
high performance,उच्च निष्पादन,,
hit,"1.प्राप्ति, 2.हिट, 3.संभावना",,
hit rate,हिट रेट,,
hit ratio,हिट अनुपात,,
hole,"1. छिद्र, रिक्ती 2. होल",,
home directory,आमुख निर्देशिका,,
home page,आमुख पृष्ठ,,
homogeneous coordinate,समांगी निर्देशांक,,
hop,हॉप,,
hop count,हॉप काउन्ट (नेट वर्क के संदर्भ में),,
horn,हॉर्न,,
host computer,पोषक कंप्यूटर,,
host computer,पोषक कंप्यूटर,,
host language,पोषक भाषा,,
hot key,"1.सक्रिय कुंजी, 2.हॉट कुंजी",,
hyper text markup language (HTML),हाइपर पाठ्य चिहिनित भाषा (एच टी एम एल),,
hypothesis,परिकल्पना,,
I pod,आई पॉड,,
I/O buffer,निवेश/निर्गम बफर,,
I/O port,"1.निवेश/निर्गम द्वारक, 2. आई/ओ द्वारक",,
I/O unit,निवेश/निर्गम इकाई,,
identifier,परिज्ञापक,,
identity,"1.तत्समक, 2.सर्वसमिका, 3.व्यष्टित्व, 4.पहचान",,
image,प्रतिबिंब,,
image sensor,प्रतिबिंब संवेदक,,
impact printer,संघट्ट मुद्रक,,
impedence,प्रतिबाधा,,
imperative programme language,आदेशात्मक प्रोग्राम भाषा,,
imperative statement,आदेश सूचक कथन,,
implicit address,अस्पष्ट पता,,
impossible event,असंभव घटना,,
inactive node,निष्क्रिय आसंधि,,
inconsistency,असगंतता,,
increment,वृद्धि,,
index,सूचक,,
index data item,सूचक आँकड़ा मद,,
index file,सूचकांक संचिका,,
index register,सूचक पंजी,,
index sequential,सूचक अनुक्रमिक,,
indexed addressing,सूचकित पताभिगमन,,
indexed language,अनुक्रमित भाषा,,
indexed sequence file,सूचकांकित अनुक्रम संचिका,,
indexed sequential sccess method (ISAM),सूचकांकित अनुक्रमिक अभिगम विधि (आी एस ए एम),,
indirect addressing,परोक्ष पताभिगमन,,
Informatics,सूचना विज्ञान,,
Information,सूचना,,
information bit,सूचना बिट,,
information management,सूचना प्रबंधन,,
information management system (IMS),सूचना प्रबंधन प्रणाली (आी एम एस),,
information retrieval,सूचना पुन:प्राप्ति,,
information system,सूचना तंत्र,,
information technology (IT),सूचना प्रौद्योगिकी (आी टी),,
infrastructure management,अवसंरचना प्रबंधन,,
Inheritance,वंशानुक्रम,,
inherited error,निहित त्रुटि,,
Initial,प्राथमिक,,
initial address,प्रारंभिक पता,,
initial state,आरंभिक अवस्था,,
Initialization,आरंभीकरण,,
ink jet printer,स्याही जेट मुद्रक,,
Innumerable,असंख्य,,
i-node table,अंत: नोड सारणी,,
inoperable time,अप्रचालनीय काल,,
input buffer register,निवेश बफर पंजी,,
input output processor (I/O processor),निवेश निर्गम प्रक्रमक (आई/ओ पक्रमक),,
input output register (I/O register),निवेश निर्गम पंजी (आई/ओ पंजी),,
input output statement (I/O statement),निवेश निर्गम कथन (आई/ओ कथन),,
input/output (I/O),निवेश/निर्गम (आई/ओ),,
input/output buffer (I/O buffer),निवेश/निर्गम बफर (आई/ओ बफर),,
input/output device (I/O device),निवेश/निर्गम युक्ति (आई/ओ युक्ति),,
Insert,निवेश,,
insertion sort,अंतरवेशन छाँट,,
installation time,अधिष्ठापन काल,,
Instance,दृष्टाँत,,
Instruction,अनुदेश,,
instruction counter,अनुदेश गणक,,
instruction cycle,अनुदेश चक्र,,
instruction set,अनुदेश समुच्चय,,
integer programming,पूणाँक प्रोग्रामन,,
integer variable,पूणाँक चर,,
integrated modem,एकीकृत मॉडेम,,
integrated services digital network (ISDN),एकीकृत सेवा अंकीय जालक्रम (आइ एस डी एन),,
Integrity,अखंडता,,
intelligent controller,कुशाग्र नियंत्रक,,
intelligent terminal,कुशाग्र टर्मिनल,,
inter block,अंत: खंडक,,
inter block gap,अंतरा खंडक अंतराल,,
inter communication system,परस्पर संचार तंत्र,,
Interaction,अन्योन्य क्रिया,,
interactive graphics,अन्योन्य क्रिया आलेखी,,
interactive keyboard printer,"1.परस्पर कुंजीपटल मुद्रक,2.परस्पर कुंजीपटल प्रिटर",,
intercom service,अन्योन्य संचारी सेवा,,
Interface,"1.अंतराफलक, 2.अन्तरापृष्ठ",,
Interleaving,"1.अंतग्रंथन, 2.अंत: पत्रण",,
intermediate buffer,मध्यवर्ती बफर,,
internal block,आंतरिक खंड,,
internal communication,आंतरिक संचार,,
internal fragmentation,आंतरिक खंडन,,
internal memory,आंतरिक स्मृति,,
internal sort,आंतरिक छाँटन,,
internal timer,आंतरिक कालद,,
international organization for standardization (ISO),अंतरराष्ट्रीय मानकीकरण संघ (आई एस ओ),,
international technical support organization,अंतरराष्ट्रीय तकनीकी सहायता संस्थान,,
Internet,इंटरनेट,,
internet engineering task force (IETF),इंटरनेट अभियांत्रिकी कार्य दल (आई ई टी एफ),,
internet explorer,इंटरनेट अन्वेषक,,
internet hunt,इंटरनेट अन्वेषण,,
internet monthly report,इंटरनेट मासिक प्रतिवेदन,,
internet packet exchange,इंटरनेट पैकेट विनिमय,,
internet protocol (IP),इंटरनेट प्रोटोकॉल (आई पी),,
internet protocol remove (IP),"1.इंटरनेट नियमावली,2.इंटरनेट प्रोटोकॉल",,
internet relay chat (IRC),इंटरनेट प्रसारण वार्ता (आई आर सी),,
internet service provider,इंटरनेट सेवा दायक,,
internet services list,इंटरनेट सेवा सूची,,
internet society,इंटरनेट समाज,,
internet tools,"1.इंटरनेट यंत्र,2.युक्ति",,
internet working,इंटरनेट संचालन,,
internet working,इंटरनेट संचालन,,
Interpolation,अन्तर्वेशन,,
Interpret,विवेचन,,
Interpreter,"1.अनुदेशांतरक, 2.विवेचक, 3.स्मरक अंतरक",,
interprocess communication,अंतः प्रक्रम संचार,,
Interrupt,अंतरायक,,
interrupt handler,अंतरायन प्रहस्तक,,
interrupt mask,अंतरायन आच्छद,,
interrupt signal,अंतरायन संकेत,,
interrupt vector,अंतरायक सदिश,,
Interruption,अंतरायन,,
Intersect,प्रतिच्छेद,,
Intranet,"1.अंत:जाल,2.इंट्रानेट",,
Invariant,अपरिवर्तनीय,,
inventory master file,इन्वेन्टरी मुख्य संचिका,,
inverse multiplexer,विलोम मल्टीपलेक्सर,,
inverse scanning,विलोम स्कैनिंग,,
inverted file,विलोम संचिका,,
inverted list file,व्युत्क्रमित सूची संचिका,,
inverted page table,व्युत्क्रम पृष्ठ सारणी,,
Inverter,"1.अंतवर्तक, 2.प्रतीपक",,
internet working,इंटरनेट संचालन,,
Interpolation,अन्तर्वेशन,,
Interpret,विवेचन,,
Interpreter,"1.अनुदेशांतरक, 2.विवेचक, 3.स्मरक अंतरक",,
interprocess communication,अंतः प्रक्रम संचार,,
Interrupt,अंतरायक,,
interrupt handler,अंतरायन प्रहस्तक,,
interrupt mask,अंतरायन आच्छद,,
interrupt signal,अंतरायन संकेत,,
interrupt vector,अंतरायक सदिश,,
Interruption,अंतरायन,,
Intersect,प्रतिच्छेद,,
Intranet,"1.अंत:जाल,2.इंट्रानेट",,
Invariant,अपरिवर्तनीय,,
inventory master file,इन्वेन्टरी मुख्य संचिका,,
inverse multiplexer,विलोम मल्टीपलेक्सर,,
inverse scanning,विलोम स्कैनिंग,,
inverted file,विलोम संचिका,,
inverted list file,व्युत्क्रमित सूची संचिका,,
inverted page table,व्युत्क्रम पृष्ठ सारणी,,
Inverter,"1.अंतवर्तक, 2.प्रतीपक",,
job management,कार्य प्रबंधन,,
job oriented language,कार्योन्मुख भाषा,,
job priority,कार्य प्राथमिकता,,
job scheduling,कार्य अनुसूचन,,
job sequencing,कार्य अनुक्रमण,,
job table,कार्य सारणी,,
join (JOIN),सम्मिलन,,
joint photographic group (jpg),संयुक्त फोटोग्राफी ग्रुप (जे पी जी),,
Journal,पत्रिका,,
joy stick,ज्वॉय स्टिक,,
Judgement,"1.ऑकलन, 2.निर्णय",,
Jump,जंप,,
jump instruction,जंप अनुदेश,,
Jumper,जंपर,,
Junction,"1.संगम, 2.संधि, 3.जोड़",,
Junk,कबाड़,,
Justification,औचित्य,,
k bytes,किलो बाईट,,
karnaugh map,कार्नोफ प्रतिचित्र,,
karnaugh map,कार्नोफ चित्र,,
KB (Kilo Byte),के बी (किलो बाईट),,
Kernel,"1.अष्टि, 2.गुठली, 3.कर्नल",,
kernel mode,अष्टि विधा,,
Kerning,अष्टिकरण,,
Key,कुंजी,,
key board,कुंजी पटल,,
key bounce,"1.कुंजी उछाल, 2.कुंजी अस्वीकार",,
key click,कुंजी क्लिक,,
key compression,कुंजी संपीडन,,
key disk,"1.कुंजी डिस्क, 2.कुंजी चक्रिका",,
key encryption,कुंजी कूट लेखन,,
key field,मुख्य क्षेत्र,,
key file,"1.कुंजी फाईल, 2.कुंजी संचिका",,
key frame,मुख्य ढांचा,,
key management,मुख्य प्रबंधन,,
key pad,कुंजी पैड,,
key pad,कुंजी पैड,,
key phrase,मुख्य वाक्यांश,,
key pulse,कुंजी स्पंद,,
key punch,कुंजी छिद्रक,,
key sorting,कुंजी छाँटन,,
key stroke,"1.कुंजी आघात, 2.कुंजी स्ट्रोक, 3.कुंजी दाब",,
key to address transformation,पता-अंतरण कुंजी,,
key to disk,"1.डिस्क कुंजी, 2.चक्रिका कुंजी",,
key to floppy,फ्लापी कुंजी,,
key to tape,टेप कुंजी,,
key word,मुख्य शब्द,,
Kick,"1.किक, 2.ठोकर",,
Kill,हत,,
Kilobit,किलो बिट,,
Knots,गाँठ,,
knowledge based information services,ज्ञान आधारित सूचना सेवायें,,
knowledge discovery,ज्ञान खोज,,
knowledge discovery database (KDD),ज्ञान खोज डॉटाबेस,,
knowledge engineering,ज्ञान इंजीनियरी,,
knowledge management,ज्ञान प्रबंधन,,
knowledge worker,ज्ञानकर्मी,,
Lan adapter,लैन अनुकूलक,,
Lan server,"1.लैन परिसेवक,2.लैन सर्वर",,
LAN workplace,लैन कार्यस्थल,,
Landscape,क्षैतिज चित्र,,
Landscape,"1.क्षैतिज चित्र, 2.लैडस्केप",,
Language,भाषा,,
language interpreter,भाषा अनुदेशातंरक,,
language processor,भाषा प्रक्रमक,,
language translator,"1.भाषा अंतरक, 2.भाषा अनुवादक",,
Laptop,लैपटाप,,
large scale integration (lsi),व्यापक एकीकरण (एल.एस.आई.),,
large scale integration (LSI),बृहत समाकलन (एल एस आई),,
Laser,लेसर,,
laser printer,लेसर मुद्रक,,
last in first out (LIFO),अन्तिम आगम प्रथम निर्गम (लिफो),,
Layer,परत,,
Layout,"खाका, अभिन्यास",,
Leaf,"1.पर्ण, 2.पत्ती,3. पत्र",,
leaf node,पर्ण आसंधि,,
leaf site,पर्ण स्थल,,
Lease,पट्टा,,
leased channel,"1.पट्टा चैनल, 2.पट्टा प्रणाल पट्टा",,
leased line,"1.लाइन,2.पट्टा रेखा",,
least significant bit (lsb),न्यूनत्तम सार्थक बिट शेल.एस.बी),,
least significant digit,अल्पतम सार्थक अंक,,
legacy system,"1.विरासती व्यवस्था,2.विरासती तंत्र",,
Lemma ,"1.लेमा, 2.प्रमेयिका",,
letter quality (LQ),पत्र गुणवत्ता (एल क्यू),,
Lexeme,शब्दिम,,
Lexicography,कोश विज्ञान,,
Library,"1.संग्रह,2.लाइब्रेरी",,
library program,"1.लाइब्रेरी प्रोग्राम, 2.संग्रह क्रमादेशन",,
library sub-routine,लाइब्रेरी उपनेमिका,,
licence agrement,"1.लाइसेंस अनुबंध, 2.लाइसेंस करारनामा",,
light emitter diode (LED),प्रकाश उत्सर्जक डायोड (एल ई डी),,
light gun,प्रकाश गन,,
light pen,प्रकाश पेन,,
line adapter,रैखिक अनुकूलक,,
line editing,लाइन संपादन,,
line printer,"1.लाइन मुद्रक, 2.लाइन प्रिंटर",,
Linear,"1.रैखिक, 2.रेखीय",,
lines per minute (LPM),रेखाएं प्रति मिनट (एल पी एम),,
Link,"1. कड़ई, लिंक, 2. श्रृंखला ,3. बंध",,
linked list,श्रृंखलित सूची,,
LINUX,लिनक्स,,
liquid crystal display (LCD),"1.लिक्विड क्रिस्टल डिस्पले, 2.द्रव क्रिस्टल प्रदर्श (एल सी डी)",,
list processing,सूची प्रक्रमण,,
Literal,"1.आक्षर,2.शाब्दिक",,
Live,"1.सक्रिय, 2.सजीव, 3.विद्युन्मय, 4.चल",,
live node,सजीव आसंधि,,
Load,"1.भार, 2.लोड",,
load module,"1.लोड मॉडयूल, 2.भार प्रतिरुपक",,
Local,"1.स्थानीय, 2.स्थानिक",,
local access,स्थानीय अभिगम,,
local area network (Lan),स्थानीय क्षेत्र जालक्रम (लैन),,
local definition,स्थानीय स्पष्टता,,
local exchange,"1. स्थानीय जालक्रम ,2. स्थानीय केंद्र,3. स्थानीय विनिमय",,
local memory,स्थानीय स्मृति,,
local mode,स्थानीय विधा,,
local variable,स्थानीय चर,,
Lock,"पाश, लॉक",,
locked file,पाशित संचिका,,
log in=log on,सत्रारंभ,,
log off-log out,सत्रांत,,
Logging,संलेखन,,
logic analyser,तर्क विश्लेषक,,
logic bomb,तर्क बम,,
logic card,तर्क कार्ड,,
logic chart (flow chart),तर्क संचित्र (प्रवाह संचित्र),,
logic circuit,तर्क परिपथ,,
logic design,तर्क अभिकल्प,,
logic diagram,तर्क आरेख,,
logic flow chart,तार्किक प्रवाह संचित्र,,
logic function,तर्क फलन,,
logic gate,तर्क गेट,,
logic programming,"1.तर्क प्रोग्रामन, 2.तर्क क्रमादेशन",,
logic shift,तर्क विस्थापन,,
logic state,तर्क अवस्था,,
logic switch,तर्क स्विच,,
logic unit,तर्क इकाई,,
Logical,तार्किक,,
logical connection,तार्किक संयोजन,,
logical data structure,तार्किक आँकड़आ संरचना,,
logical diagram,तर्कसंगत आरेख,,
logical expression,तार्किक व्यंजक,,
logical flow chart (flow chart),तार्किक प्रवाह संचित्र,,
logical IF,तार्किक आई एफ (तार्किक यदि),,
logical operation,तर्कसंगत संक्रिया,,
logical operator,तर्कसंगत संकारक,,
logical relation,तर्कसंगत संबंधन,,
logical scheme,तार्किक योजना,,
logical symbol,"1.तर्कसंगत संप्रतीक,2.तार्किक संप्रतीक",,
logical type,तार्किक प्ररुप,,
logical value,तार्किक मान,,
logical variable,तार्किक चर,,
look ahead carry,हासिल अग्रावलोकन,,
look ahead set,अग्रावलोकन समुच्चय,,
Look-up,अवलोकन,,
Loop,"1.लूप, 2.पाश",,
loop control,पाश नियंत्रण,,
loop initialization,पाश प्रारंभन,,
loop modification,पाश आपरिवर्तन,,
loop network,"1.पाश जालक्रम, 2.पाश नेटवर्क",,
loop start,पाश प्रारंभन,,
loop termination,पाश-अवसान,,
loop-back test,प्रति-पाश परीक्षण,,
loosely coupled,शिथिल युग्मित,,
lossless compression,ह्रास रहित संपीडन,,
lossy compression,हासी संपीडन,,
low byte,निम्न बाइट,,
low level language,निम्न स्तर भाषा,,
low pass filter,निम्न पारक फिल्टर,,
lower bound,"1.निम्न परिबाधित,2. निम्न परिबद्ध",,
mac protocol (medium access control),"1.मैक प्रोटोकॉल, 2.मैक आचार (मध्य अभिगम नियंत्रण)",,
Machine,"1.मशीन, 2.यंत्र",,
machine address,मशीन पता,,
machine code,"1.यंत्र कूट, 2.मशीन कोड",,
machine cycle,यंत्र चक्र,,
machine dependent language,यंत्राश्रित भाषा,,
machine dependent software,यंत्राश्रित सॉफ्टवेयर,,
machine error,यंत्र त्रुटि,,
machine idle time,यंत्र निष्क्रिय काल,,
machine independent language,यंत्र निरपेक्ष भाषा,,
machine instruction,यंत्रानुदेश,,
machine intelligence,यंत्र बोध,,
machine language,"1.मशीनी भाषा,2.यंत्र भाषा",,
machine learning,यंत्राधिगम,,
machine operation,यंत्र संक्रिया,,
machine oriented language,यंत्रमूलक भाषा,,
machine run,यंत्र निष्पादन,,
machine simulation,मशीन अनुकार,,
machine spoiled time,यंत्र अपहृत काल,,
machine translation,मशीनी अनुवाद,,
machine word,मशीन शब्द,,
macro (=macro instruction),स्थूल अनुदेश,,
macro argument,स्थूल प्राचर,,
macro assembly program,स्थूल कोडांतरण प्रोग्राम,,
macro call,स्थूल आह्वान,,
macro code,"1.स्थूल कोड, 2.स्थूल कूट",,
macro command,स्थूल समादेश,,
macro declaration,स्थूल घोषणा,,
macro definition,स्थूल परिभाषा,,
macro flow chart,स्थूल प्रवाह संचित्र,,
macro generator,स्थूल जनित्र,,
macro instruction,स्थूल अनुदेश,,
macro language,स्थूल भाषा,,
macro library,स्थूल लाइब्रेरी,,
macro parameter,स्थूल प्राचल,,
macro processing,स्थूल प्रक्रमण,,
macro processor,"1.स्थूल प्रक्रमक,2. मैक्रोप्रोसेसर",,
macro programming,स्थूल प्रोग्रामन,,
macro prototype,स्थूल आदिप्ररुप,,
Macro-coding,"1.स्थूल कूटलेखन, 2.स्थूल कोडन",,
magabyte (MB),मेगाबाइट (एम बी),,
magic character,जादुई संप्रतीक,,
magic number,जादुई संख्या,,
magnetic bubble memory,चुंबकीय बुदबुद स्मृति,,
magnetic card,चुंबकीय कार्ड,,
magnetic cell,"1.चुंबकीय कोष्ठिका, 2.चुंबकीय सेल",,
magnetic character,चुंबकीय संप्रतीक,,
magnetic core storage,चुंबकीय कोर भंडारण,,
magnetic disk,"1.चुंबकीय चक्रिका,2. चुंबकीय डिस्क",,
magnetic disk address,चुंबकीय डिस्क पता,,
magnetic disk memory,चुंबकीय चक्रिका स्मृति,,
magnetic drum,चुंबकीय ड्रम,,
magnetic encoding,"1.चुंबकीय कूटलेखन, 2.चुंबकीय कोडीकरण,3.चुंबकीय कोडन",,
magnetic head,चुंबकीय शीर्ष,,
magnetic ink,चुंबकीय स्याही,,
magnetic ink character recognition (MICR),चुंबकीय स्याही संप्रतीक अभिज्ञान (एम आई सी आर),,
magnetic media,चुंबकीय माध्यम,,
magnetic reading,चुंबकीय पठन,,
magnetic recording,चुंबकीय अभिलेखन,,
magnetic storage,चुंबकीय भंडारण,,
magnetic strip,चुंबकीय पट्टी,,
magnetic tape,चुंबकीय टेप,,
magnetic tape cartridge,चुंबकीय टेप कार्टीज,,
magnetic tape drive,चुंबकीय टेप ड्राइव,,
magnetic tape header,चुंबकीय टेप अग्रक,,
magnetic tape librarian,चुंबकीय टेप लाइब्रेरियन,,
magnetic tape transport,चुंबकीय टेप अभिगमन,,
magnetic tape unit,चुंबकीय टेप इकाई,,
magnetic thin film,"1.चुंबकीय तनु परत, 2.चुंबकीय तनु फिल्म",,
magnetic track,चुंबकीय पथ,,
magneto optic storage,चुंबकीय प्रकाशीय भंडारण,,
magnetographic printer,"1.चुंबकालेखी मुद्रक, 2.चुंबक लेखी प्रिंटर",,
Magnetostriction,चुंबकीय विरुपण,,
magnetostrictive tablet,चुंबकीय विरुपक टिकिया,,
mail box,"1.डाक पेटी, 2.मेल बाक्स",,
mail merge,मेल विलय,,
main control unit,"1.मुख्य नियंत्रक एकक, 2. मुख्य नियंत्रक इकाई",,
main frame,मेन फ्रेम,,
main frame system,"1.मेन फ्रेम सिस्टम, 2.मेन फ्रेम तंत्र",,
main memory,"1.मुख्य स्मृति, 2.मुख्य मेमोरी",,
main program,"1.मुख्य प्रोग्राम, 2.मुख्य क्रमादेश",,
main storage,मुख्य भंडारण,,
main switch,"1.मेन स्विच, 2.मुख्य स्विच",,
Maintenance,"1.अनुरक्षण, 2.रखरखाव",,
maintenance panel,अनुरक्षण पैनल,,
maintenance time,अनुरक्षण काल,,
major cycle,वृहत् चक्र,,
major device,मुख्य युक्ति,,
major key,मुख्य कुंजी,,
major state,मुख्य अवस्था,,
major structure,मुख्य संरचना,,
major task,मुख्य कार्य,,
majority element,बहुसंख्यक अवयव,,
majority gate,बहुसंख्यक गेट,,
majority operation,बहुसंख्य संक्रिया,,
makeup time,प्रतिपूर्ति काल,,
malfunction routine,कुसंक्रिया रुटीन,,
management development,प्रबंधन विकास,,
management information system (MIS),प्रबंधन सूचना तंत्र (एम आई एस),,
management science,प्रबंध विज्ञान,,
Manchester coding,मैनचेस्टर कूटलेखन,,
Manifolding,बहुवलन,,
manipulated variable,प्रकलित चर,,
manipulating indexing,प्रकलित सूचकन,,
man-machine simulation,मानव यंत्र अनुकार,,
manual address switch,हस्तचालित पता स्विच,,
manual analysis,मैनुअल विश्लेषण,,
manual answering,मैनुअल आह्वान,,
manual entry,मैनुअल प्रविष्टि,,
manual exchange,"1.हस्तचालित केंद्र, 2.मैनुअल केंद्र",,
manual input,"1.हस्त निवेश, 2. मैनुअल निवेश",,
manual operation,हस्त प्रचालन,,
many to many relationship,अनेकानेक संबंध,,
many to one decoder,बहु-एक-विकोडक,,
map method,प्रतिचित्र विधि,,
Mapping,प्रतिचित्रण,,
Margin,उपांत,,
margin error,उपांतीय त्रुटि,,
marginal check,उपांतीय जाँच,,
marginal test,उपांतीय परीक्षण,,
mark detection,चिन्ह संसूचन,,
mark reading,चिन्ह पठन,,
mark scanning,चिन्ह क्रमवीक्षण,,
mark sense,चिन्ह बोध,,
Marker,चिन्हक,,
Marking,चिन्हन,,
marking wave,चिन्हक तरंग,,
markov chain,मार्कोव श्रृंखला,,
markov source,मार्कोव स्रोत,,
mark-up language,मार्क-अप भाषा,,
Maser,मेसर,,
Maser,मेसर,,
Mask,"1.मास्क, 2.आच्छद, 3.प्रच्छाद",,
mask bit,"1.प्रच्छाद बिट, 2.आच्छद बिट,3. मास्क दविअंक",,
mask programmable device,मास्क प्रोग्राम्य युक्ति,,
mask register,आवरण रजिस्टर,,
masked ROM,"1.आवृत रॉम, 2.आवृत आर ओ एम",,
Masking,आच्छादन,,
mass data,विपुल आँकड़ए,,
mass memory,"1.विपुल स्मृति, 2.विपुल मेमोरी",,
massively parallel,विपुलत: समांतर,,
Master,प्रधान ,,
master card,मास्टर कार्ड,,
master clock,"1.प्रधान घड़ई, 2.नियंत्रक घड़ई",,
master consol,प्रधान कन्सोल,,
master data,प्रधान आँकड़आ,,
master diagram,प्रधान आरेख,,
master file,प्रधान संचिका,,
master group,प्रधान समूह,,
master key,मास्टर कुंजी,,
master library tape,प्रधान लाइब्रेरी टेप,,
master processor,प्रधान प्रक्रमक,,
master program,प्रधान प्रोग्राम,,
master station,प्रधान केंद्र,,
master tape,"1.प्रधान टेप, 2.मास्टर टेप",,
master terminal,"1.प्रधान अंतक, 2.प्रधान टर्मिनल",,
master/slave device,प्रधान अधीन युक्ति,,
master/slave system,प्रधान अधीन तंत्र,,
Match,"1.मेल, 2.मिलान, 3.मिलना",,
Matching,मिलान,,
mathematical programming,गणितीय प्रोग्रामन,,
mathematical simulation,गणितीय अनुकार,,
Matrix,"1.मैट्रिक्स, 2.आव्यूह",,
matrix printer,"1.मैट्रिक्स प्रिंटर, 2.मैट्रिक्स मुद्रक",,
matrix switch,मैट्रिक्स स्विच,,
matrix table,आव्यूह सारणी,,
maxi computer,मैक्सी कंप्यूटर,,
Maxicomputer,मैक्सी कंप्यूटर,,
maximal element,उच्चिष्ट अवयव,,
maxterm (standard sum term),योगपद,,
maxwell daemon,मैक्सवेल डैमन,,
Mean,"1.मध्यमान, 2.माध्य",,
mean repair time,माध्य सुधार काल,,
mean time between failure (MTBF),अंतर्विफलता माध्य काल,,
mean time between failure (MTBF),विफलता मध्य माध्यकाल (एम टी बी एफ),,
mean time to failure,विफलता का माध्य काल,,
mean time to repair,मरम्मत माध्य काल,,
mean time to repair (MTTR),सुधार माध्यकाल (एम टी टी आर),,
medium scale integration (MSI),मध्यम स्केल एकीकरण (एम एस आई),,
medium scale integration (MSI),मध्यम समाकलन (एम एस आई),,
medium term storage device,माध्य पद भंडारण युक्ति,,
megabit per second (MB Ps),मेगा बिट प्रति सेकंड (एम बी पी एस),,
member object,अवयव वस्तु,,
member record,अवयव अभिलेख,,
Memory,"1.स्मृति, 2.मेमोरी",,
memory array,"1.स्मृति सरणी, 2.मेमोरी व्यूह",,
memory bank,"1.स्मृति कोष, 2.मेमोरी बैंक",,
memory buffer register,"1.स्मृति बफर पंजी, 2.मेमोरी बफर पंजी",,
memory bus,"1.स्मृति बस,2. मेमोरी बस",,
memory card,स्मृति कार्ड,,
memory cell,स्मृति कोष्ठिका,,
memory compaction,स्मृति संहनन,,
memory core,"1.स्मृति कोर, 2.मेमोरी कोर",,
memory cycle,स्मृति चक्र,,
memory data register,"1.मेमोरी आँकड़आ पंजी, 2.स्मृति आंकड़आ पंजी",,
memory dump,"1.स्मृति निपात ,2.मेमोरी डंप",,
memory exchange,"1.स्मृति विनिमय, 2.मेमोरी विनिमय",,
memory hierarchy,"1.स्मृति पदानुक्रम, 2.मेमोरी पदानुक्रम",,
memory instruction,स्मृति अनुदेश,,
memory management,"1.स्मृति प्रबंधन, 2.मेमोरी प्रबंधन",,
memory map,"1.स्मृति प्रतिचित्र, 2.मेमोरी प्रतिचित्र",,
memory mapped I/O,"1.स्मृति प्रतिचित्रित निर्गम, 2.निवेश, 3.मेमोरी प्रतिचित्रित आई/ओ",,
memory model,"1.स्मृति मॉडल, 2.स्मृति निदर्श, 3.मेमोरी मॉडल",,
memory module,"1.स्मृति माड्यूल, 2.मेमोरी माड्यूल",,
memory pointer register,"1.स्मृति सूचक पंजी, 2.मेमोरी सूचक पंजी",,
memory power,स्मृति शक्ति,,
memory protection,स्मृति संरक्षण,,
memory reference instruction,"1.स्मृति संदर्भ अनुदेश, 2.मेमोरी संदर्भ अनुदेश",,
memory resident program,"1.स्मृति-वासी प्रोग्राम, 2.मेमोरी वासी क्रमादेश",,
memory unit,"1.स्मृति इकाई, 2.मेमोरी इकाई",,
Menu,मेनू,,
menu bar,मेनू बार,,
menu drive,मेनू चालित,,
menu selection,मेनू चयन,,
menu-driven program,मेन-चालित प्रोग्राम,,
Merge,"1.अंतरनिहित, 2.विलय",,
merge exchange sort,विलय विनिमय छंटाई,,
merge sort,"1.छंटाई संविलय ,2. प्रसूची वरण",,
Merging,"1.विलय, 2.संविलय",,
mesh network,जालाक्षि जालक्रम,,
Messagaing,संदेशन,,
Message,संदेश,,
message authentication,संदेश अभिप्रमाणन,,
message box,संदेश कोष्ठ,,
message circuit,संदेश परिपथ,,
message format,संदेश आरूप,,
message header,संदेश प्रवेशिका,,
message mode,संदेश विधा,,
message passing,संदेश प्रेषण,,
message polling,"1.संदेश क्रमवरण, 2.संदेश क्रमचयन",,
message queue,संदेश पंक्ति,,
message switch,संदेश स्विच,,
message text,संदेश पाठ,,
message transfer agent,संदेश अंतरण अभिकर्मक,,
meta assembler,अधि कोडांतरक,,
meta class,मेटावर्ग,,
meta compilation,"1.अधि संकलन, 2.अधि अनुभाषण",,
meta compiler,"1.अधि अनुभाषक, 2.अधि संकलक",,
meta language,अधिभाषा,,
meta network,"1.मेटा जालक्रम, 2.मेटा नेटवर्क",,
meta system,अधितंत्र,,
Method,विधि,,
metropolitan area network (MAN),महानगरीय क्षेत्र नेटवर्क (एम ए एन),,
Micro,सूक्ष्म,,
micro code,"1.सूक्ष्म कूट,2.सूक्ष्म कोड",,
micro computer,सूक्ष्म कंप्यूटर,,
micro controller,माइक्रो नियंत्रक,,
micro cycle,माइक्रो चक्र,,
micro electronic mechanical system (MEMS),सूक्ष्म इलेक्ट्रॉनिक यांत्रिक तंत्र (मेमस),,
micro electronics,माइक्रो इलेक्ट्रॉनिकी,,
micro miniauthorization,माइक्रो लघुरुपण,,
micro order,सूक्ष्म क्रम,,
micro/mainframe link,"1.माइक्रो, 2.मेनफ्रेम लिंक",,
Microchip,माइक्रो चिप,,
Microcobol,माइक्रो कोबोल,,
Microcode,सूक्ष्म कोड,,
Microfiche,"1.सूक्ष्मिका, 2.माइक्रोफिश, 3.सूक्ष्म संचिका",,
Microfloppy,माइक्रो फ्लापी,,
microform reader,माइक्रोफॉर्म पठन यंत्र,,
Microframe,माइक्रो फ्रेम,,
Micrographics,माइक्रोग्राफिक्स,,
Microphone,माइक्रोफोन,,
Microphotograph,माइक्रोफोटोग्राफ,,
microprocessing unit,"1.माइक्रोप्रोससिंग एकक, 2.सूक्ष्म प्रक्रमण एकक",,
Microprocessor,माइक्रोप्रोसेसर,,
microprocessor chip,माइक्रोप्रोसेसर चिप,,
microprocessor compiler,माइक्रोप्रोसेसर अनुभाषक,,
microprocessor unit (MPU),माइक्रो प्रोसेसर यूनिट ( एम पी यू),,
Microprogram,"1.माइक्रोप्रोग्राम, 2.माइक्रो क्रमादेश",,
Microsequence,माइक्रो अनुक्रम,,
Microsoft,माइक्रोसॉफ्ट,,
microsoft windows,माइक्रोसाफ्ट विंडोज,,
Microwave,सूक्ष्म तरंग,,
microwave link,सूक्ष्म तरंग कड़ई,,
microwave propagation,सूक्ष्म तरंग संचरण,,
middle management,मध्य प्रबंधन,,
Middleware,"1.मध्यवेयर,2. मिडल वेयर",,
Midicomputer,मिडी कंप्यूटर,,
Midpoint,मध्य बिंदु,,
Midterm,मध्यपद,,
migration path,प्रवासन पथ,,
million instructions per second (MIPS),मिलियन अनुदेश प्रति सेकंड (एम आई पी एस),,
minicomputer,लघु कंप्यूटर,,
Minidiskette,लघु डिस्केट,,
minimal kernel,"1.अल्पिष्ट कर्नल, 2.अल्पिष्ट अष्ठि",,
minimal product,अल्पिष्ट गुणनफल,,
minimal tree,अल्पिष्ट वृक्ष,,
minimax (min-max) algorithm,"1.मिनिमैक्स एल्गोरिथम, 2.एल्गोरिथ्म",,
minimax procedure,अल्पमहिष्ठ प्रक्रिया,,
minimum cost spanning tree,निम्नतम लागत विस्तारिक वृक्ष,,
minimum latency coding,"1.अल्पतम विलंबता कूटलेखन, 2.अल्पतम विलंबता कोडन",,
minor device,लघु युक्ति,,
Minterim,"1.गुणाद, 2.गुणद, 3.गुणनयोग पद",,
minus flag,ऋण पताका,,
minus flag,ऋण पताका,,
minus zone,ऋण क्षेत्र,,
mirror,दिस्क्प्रतिबिंबित डिस्क,,
mirror site,"1.दर्पण स्थली, 2.छाया प्रति, 3.दर्पण प्रति",,
mixed-radix notation,मिश्रित मूलांक अंकन,,
Mixer,मिश्रक,,
Mnemonic,स्मरक,,
mnemonic address,स्मरक पता,,
Mnemonics,स्मरणोकारी,,
Mobile,"1.मोबाइल, 2.चल",,
mobile computing,"1.मोबाइल कंप्यूटन, 2.चल अभिकलन",,
Model,"1.मॉडल, 2.निदर्श",,
modeless editor,विधारहित संपादक,,
Modelling,"1.निदर्शन, 2.मॉडलन",,
Modem,मॉडेम,,
Moderate,"1.साधारण माध्य, 2.सामान्य, 3.मध्यम",,
Moderation,विमंदन,,
Moderator,विमंदक,,
modified instruction,आपरिवर्तित अनुदेश,,
Modifier,आपरिवर्तक,,
modifier bit,आपरिवर्तक बिट,,
Modify,आपरिवर्तन,,
Modular,मॉड्यूलर,,
Modularity,"1.अनुखंडीयता, 2.प्रतिरूपकता",,
Modulation,माड्यूलन,,
Module,माड्यूल,,
module architecture,अनुखंडीय संरचना,,
Monitor,मॉनिटर,,
monitoring program,"1.मॉनिटरन प्रोग्राम, 2.मानटीरन क्रमादेश",,
monocrome display,एकवर्णी प्रदर्श,,
monolithic integrated circuit,अखंड एकीकृत परिपथ,,
monolithic technology,एकाश्म प्रौद्योगिकी,,
monospace font,एकल स्थल फॉन्ट,,
Monostable,एक स्थितिक,,
Monotoricity,एकदिष्टता,,
Morph,"1.आकार, 2.रूप",,
Morpheme,रुपिम,,
Morphism,आकारिता,,
Mortgage,"1.गिरवी, 2.बंधक, रेहन",,
mosfet (MOSFET),मौसफेट (एम ओ एस एफ ई टी),,
most significant bit,"1.सार्थकतम द्विअंक, 2.सार्थकतम बिट",,
mother board,मदर बोर्ड,,
mother register,मदर पंजी,,
motion picture,चलचित्र,,
motion picture experts group (MPEG),चलचित्र विशेषज्ञ समूह (एम पी ई जी),,
Mount,आरोह,,
Mouse,"1.मूषक, 2.माउस",,
Move,"1.चल, 2.विस्थापन",,
move character,चल संप्रतीक,,
MS-DOS,एम एस-डॉस,,
MS-Windows,एम एस-विंडोज,,
multi aspect,बहु अभिमुखता,,
multi processor,बहु प्रक्रमक,,
multi programming,"1.बहुक्रमादेशन, 2.बहुप्रोग्रामन",,
multi tasking,बहुकार्यण,,
Multibus,बहुबस,,
Multicast,बहुप्रसारण,,
multicast address,बहुरुपीय पता,,
Multicasting,बहुप्रसारण,,
Multichip,बहुचिप,,
Multics,मल्टिक्स,,
multijob operation,बहु-कार्य प्रचालन,,
multilevel memory,"1.बहुस्तर स्मृति,2. बहुस्तर मेमोरी",,
multimedia technology,"1.बहमाध्यम प्रौद्योगिकी, 2.मल्टीमीडिया प्रौदयोगिकी",,
Multimode,बहुविधा,,
Multiple,बहु,,
multiple precision,"1.परिशुद्ध, 2.बहु सुनिश्चितता",,
multiple regression,बहु प्रतिगमन,,
Multiplex,"1.मल्टीप्लेक्स, 2.बहुसंकेत",,
multiplex mode,बहुसंकेत विधा,,
Multiplexer,बहुसंकेतक,,
Multiplexing,"1.बहुसंकेतन, 2.बहुभाजन",,
multipoint network,बहुबिंदु नेटवर्क,,
Multiprocessing,बहु प्रक्रमण,,
multiprocessor system,बहु प्रक्रमक तंत्र,,
multipurpose internet mail extention (MIME),बहुउद्देशीय इंटरनेट मेल विस्तार (एम आई एम ई),,
Multischedule,बनियोजन,,
Multistation,बहुकेंद्र,,
Multithreading,बहुसूत्रण,,
multivalued logic,बहुमानिक तर्क,,
multivariate analysis,बहुचर विश्लेषण,,
Multivibrator,बहुकंपित्र,,
mutual exclusion,"1.पारस्परिक बहिष्करण, 2.पारस्परिक अपवर्जन",,
mutual information,परस्पर सूचना,,
naïve user,"1.नौसिखिया, 2.सहज प्रयोक्ता",,
name server,"1.नाम परिसेवक, 2.नाम सर्वर",,
NAND operation,नैंड संक्रिया,,
Nano,नैनो,,
narrow band,"संकीर्ण बैंड, संकीर्ण पट्टी",,
national information infrastructure,राष्ट्रीय सूचना अवसंरचना,,
National Information Standards Organization (NAND NISO),राष्ट्रीय सूचना मानक संगठन (अँड एन आई एस ओ),,
native code,प्राकृत कोड,,
native compiler,"1.प्राकृत अनुभाषक, 2.प्राकृत क्रमादेशातंरक, 3.प्राकृत सकूलक",,
native software,प्राकृत सॉफ्टवेयर,,
natural compiler,प्राकृत संकलक,,
natural language processing,प्राकृतिक भाषा प्रक्रमन,,
natural language querry,प्राकृतिक भाषा पृच्छा,,
natural number,"1.प्राकृत संख्या, 2.धन पूर्णांक",,
Navigation,संचालन,,
Navigator,संचालक,,
negative logic,विलोम तर्क,,
nested loop,"1.नीड़इत लूप,2.प्रविष्ट पाश",,
nested macros,"1.नीड़इत स्थूल,2.नीड़इत स्थूलक",,
Net,"नेट, जाल",,
net address,"1.जाल पता, 2.नेट पता",,
net citizen,"1.जाल नागरिक, 2.नेट सिटीजन",,
netscape navigator,नेटस्केप नेविगेटर,,
network access control,नेटवर्क अभिगम नियंत्रण,,
network architecture,"1.जालक्रम वास्तुकला, 2.जालक्रम संरचना",,
network file system (NFS),नेटवर्क संचिका तंत्र (एन एफ एस),,
network integrity,"1.नेटवर्क समेकता,2.नेट वर्क अखंडता",,
network interconnection,नेटवर्क अंत:संबंधन,,
network layer,जालक्रम लेयर,,
network management,नेटवर्क प्रबंधन,,
network topology,नेटवर्क सांस्थितिकी,,
network virtual terminal,नेटवर्क कल्पित टर्मिनल,,
neutral relay,न्यूट्रल रिले,,
neutral transmission,न्यूट्रल संचरण,,
new line character,नव पंक्ति संप्रतीक,,
new sync,"1.नव सिंक,2. नव तुल्यकाल",,
NFS/network file,"1.एन एफ एस, 2.जालक्रम संचिका",,
Nibble,"1.चतुष्वयंक, 2.चतुःबिट, 3.निबल",,
nine's complement,नव पूरक,,
Node,आसंधि,,
Noise,रव,,
noise mode,रव विधा,,
noiseless coding,रवहीन कूटलेखन,,
non determinism,अनियतता,,
non distributive,अवितरक,,
non empty set,अरिक्त समुच्चय,,
non prime,भाज्य,,
Non-interactive,अन्योन्यक्रियाहीन,,
non-terminal system,"1.अनंतक तंत्र, 2.टर्मिनल रहित तंत्र",,
non-volatile memory,"1.अह्रासी स्मृति, 2.अह्रासी मेमोरी",,
non-volatile ram,अह्रासी रैम,,
non-weighted code,"1.अभारित कूट, 2.अभारित कोड",,
NOP instruction,एन ओ पी (संक्रियाहीन) अनुदेश,,
NOR,नॉर,,
NOR gate,"1.नॉर गेट, 2.नॉर द्वार",,
Normal,"1.सामान्य, 2.सरल",,
Normalization,प्रसामान्यीकरण,,
Normalizer,प्रसामान्यक,,
NOR-operation,नॉर संक्रिया,,
NOT,नॉट,,
NOT circuit,नॉट परिपथ,,
NOT equivalence gate,नॉट तुल्यता द्वार,,
NOT operation,"1.नॉट संक्रिया, 2.पूरक संक्रिया",,
Not-AND,नॉट-एंड,,
NOT-AND operation,नाट-एंड संक्रिया,,
NOT-OR,नॉट-ऑर,,
NOT-OR operation,नॉट-ऑर संक्रिया,,
NP completeness,एन पी संपूर्णता,,
NULL pointer,रिक्ति सूचक,,
number theory,संख्या सिद्धांत,,
nyquist criteria,नाइक्विस्ट कसौटी,,
Object,"1.वस्तु, 2.उद्देश्य, 3.लक्ष्य",,
object oriented,लक्ष्योन्मुखी,,
octal code,"1.अष्टाधारी कूट, 2.अष्टाधारी कोड",,
octal number,अष्टाधारी संख्या,,
Octet,आकटेट,,
Octree,ऑकट्री,,
odd parity,विषम समता,,
office automation,कार्यालय स्वचालन,,
office software,आफिस सॉफ्टवेयर,,
Off-line,"1.ऑफ लाइन, 2.लाइन-इतर",,
off-line processing,"1.लाइनेतर प्रक्रमण, 2.ऑफलाइन प्रक्रमण",,
Off-set,"1.ऑफसेट, 2.अंतलंब",,
omega notation,ओमेगा संकेतन,,
on-line communication,आन लाइन संचार,,
on-line processing,"1.आन-लाइन प्रक्रमण,2. युगपत प्रक्रमण",,
OP register,संक्रिया पंजी,,
open addressing,विवृत पताभिगमन,,
open system interconnection,अनावृत तंत्र अन्त: संबंधन,,
open wire,"1.नग्न तार, 2.खुला तार",,
Operand,संकार्य,,
operating system,प्रचालन तंत्र,,
Operation,"1.संक्रिया, 2.प्रचालन",,
Operator,"1.प्रचालक, 2.संकारक, 3.संक्रियक",,
optical character recognition,प्रकाशिक संप्रतीक अभिज्ञान,,
optical fibre,"1.प्रकाशिक फाइबर, 2.प्रकाशिक तंतु",,
optical font,प्रकाशिक फोंट,,
optical mark recognition (OMR),प्रकाशीय चिन्ह अभिज्ञान (ओ एम आर),,
optical memory,"1.प्रकाशिक स्मृति, 2.प्रकाशिक मेमोरी",,
optical reader,प्रकाशिक पाठक,,
optical scanning,"1.प्रकाशिक क्रमवीक्षण, 2.प्रकाशिक स्केनिंग",,
Optimal,"1.ऐच्छिक, 2.वैकल्पिक",,
Optimization,इष्टतमीकरण,,
opto coupler,प्रकाशीय युग्मक,,
Optoelectronics,ऑप्टोइलेक्ट्रॉनिकी,,
Optoisolator,"1.प्रकाशीय पृथक्कारक, 2.प्रकाशीय विलगक",,
OR,ऑर,,
OR gate,ऑर द्वार,,
OR operation,ऑर संक्रिया,,
order by,क्रमानुसार,,
order of precedence,अग्रता-क्रम,,
ordered pair,क्रमित युग्म,,
ordered set,क्रमित समुच्चय,,
ordered tree,क्रमित वृक्ष,,
output data,निर्गम आंकड़ए,,
output device,निर्गम युक्ति,,
output file,निर्गम संचिका,,
output module,"1.निर्गम माड्यूल, 2.निर्गम अनुखंड",,
output statement,निर्गम कथन,,
output stream,निर्गम धारा,,
output unit,निर्गम एकक,,
over flow,अधिप्रवाह,,
over lay,उपरिशायी,,
over load,अधिभार,,
over printing,अधिमुद्रण,,
over run,अधिवहित,,
over run error,अधिवहित त्रुटि,,
overhead bit,"1.उपरि द्वयंक, 2.ऊपरि बिट",,
Overlap,अधिव्याप,,
overlay program,उपरिशायी क्रमादेश,,
override interrupt,अधिवहित आंतरायन,,
Overwrite,अतिलेखन,,
own coding,निजी कूटलेखन,,
Pack,संकुल,,
Package,"1.पैकेज,2.संकुल",,
Packet,पैकेट,,
packet switching,पैकेट स्विचन,,
packing factor,संकुलनांक,,
Padding,पैडन,,
Page,पृष्ठ,,
page addressing,पृष्ठ पताभिगमन,,
page break,पृष्ठांतर,,
page footing,"1.पृष्ठांत, 2.पृष्ठफुटिंग",,
page in,पृष्ठ प्रवेश,,
page out,पृष्ठ निर्गम,,
page reader,पृष्ठ पाठक,,
page swap,पृष्ठ गमागम,,
paged memory,"1.पृष्ठित स्मृति, 2.पृष्ठांकित",,
Paging,"1.स्मृति पृष्ठन, 2.पृष्ठीकरण",,
palm top,पामटॉप,,
paper sensor,कागज संवेदक,,
parallel algoritham,"1.समांतर कलनविधि, 2.समांतर एल्गोरिथ्म",,
parallel computer,समांतर कंप्यूटर,,
parallel interface,समांतर अंतरापृष्ठ,,
parallel port,समांतर संवार,,
parallel processing,समांतर प्रक्रमण,,
parallel programming,समांतर प्रोग्रामन,,
Parameter,प्राचल,,
Parent,"1.मूल, 2.जनक",,
Parity,समता,,
parse tree,पदविच्छेदन वृक्ष,,
Parser,पद व्याख्याकार,,
Parsing,पद विच्छेदन,,
Partition,विभाजन,,
Partitioning,विभाजन,,
Password,"1.पासवर्ड, 2.पारण शब्द",,
Path,पथ,,
pattern recognition,प्रतिरूप अभिज्ञान,,
PC-disk operating system (PCDOS),पी.सी. डिस्क आपरेटिंग सिस्टम (पीसीडॉस ),,
Peer,मित्र समूह,,
pen plotter,पैन आलेखक,,
Pentium,पेंटियम,,
Periodic,"1.आवधिक, 2.आवर्ती",,
Peripherals,"1.परिधिकाएँ, 2.पेरिफिरल",,
Peri,पर्ल,,
permanent virtual circuit,स्थायी आभासी परिपथ,,
Persistant,सतत्,,
personel computer (PC),पर्सनल कंप्यूटर (पी सी),,
personnel digital assistant (PDA),निजी अंकीय सहायक (पी डी ए),,
Phantom,"फैंटम, आभासी",,
Phase,"1. प्रावस्था, 2. फेज, कला",,
Phoneme,ध्वनिम,,
phonetic system,ध्वनीय तंत्र,,
photo diode,फोटो डायोड,,
Physical,"1.भौतिक,2.वाह्य",,
physical interface,भौतिक अंतरापृष्ट,,
Pico,पीको,,
pie chart,पाई चार्ट,,
pie graph,"1.पाइ ग्राफ, 2.पाइ ग्राफ",,
Pitch,अंतराल,,
Pixel,पिक्सेल,,
plain ascii (ASCII),सरल आस्की,,
plain text,सामान्य टेक्सट,,
Planning,योजना,,
Platform,"मंच, प्लेटफार्म",,
Plotter,आलेखक,,
plotting head,आलेखन शीर्ष,,
Plugboard,प्लगबोर्ड,,
Point,बिद,,
point to point protocol (PPP),स्थल से स्थल प्रोटोकॉल (पी पी पी),,
Pointer,सूचक,,
Polarization,ध्रुवीकरण,,
Polling,क्रमचयन,,
polygon clipping,बहुभुज कर्तन,,
Polymorphism,बहुरुपता,,
Polynomial,बहुपदीय,,
POP (post office protocol),पी ओ पी (डाकघर प्रोटोकॉल),,
Pop-up menu,"1.पाप-अप मेनू, 2.प्रकटित मेनू",,
Portability,सुवाह्यता,,
Portrait,सचित्र,,
post order,क्रमोत्तर,,
post script,"1.पश्चलेख, 2.पश्च लिपि",,
postamble bit,पश्च बिट,,
Postfix,अनुलग्न,,
power down,बंद करना,,
Power-off,अविद्युत,,
Power-on,सविद्युत,,
Power-up,शक्ति प्रापक,,
preamble bit,पूर्व गति बिट,,
precedance graph,पूर्ववर्तिता आलेख,,
Predicate,विधेय,,
preemptive scheduling,रिक्तिपूर्व अनुसूचन,,
Pre-fix,पूर्वलग्न,,
Preprocessing,पूर्वप्रक्रमण,,
Process,प्रक्रम,,
process switch,प्रक्रम स्विच,,
Processing,प्रक्रमण,,
Processor,प्रक्रमक,,
Production,उत्पादन,,
Program,"1.क्रमादेश, 2.प्रोग्राम",,
program compilation,प्रोग्राम अनुभाषण,,
Program cash,प्रोग्राम भंग,,
program debugging,प्रोग्राम दोषमार्जन,,
program design,प्रोग्राम अभिकल्प,,
program evaluation & review technique (PERT),"प्रोग्राम मूल्यांकन समीक्षा तकनीक (पर्ट, पी ई आर टी)",,
program halt,प्रोग्राम विराम,,
program library,"1.प्रोग्राम लाइब्रेरी, 2.प्रोग्राम संग्रह",,
program run,प्रोग्राम चलन,,
Programmer,"1.क्रमादेशक, 2.प्रोग्रामक",,
Prolog,प्रोलॉग,,
PROM,पी-रॉम,,
Propagation,"1.संचरण, 2.प्रवर्धन",,
Proposition,साध्य,,
protected key,संरक्षित कुंजी,,
Protection,संरक्षण,,
Protocol,प्रोटोकॉल,,
protocol translation,"1.प्रोटोकॉल अंतरण, 2.प्रोटोकॉल अनुवाद, 3.प्रोटोकॉल अनुभाषण",,
pseudo code,छद्म कोड,,
public data network,"1.सार्वजनिक डाटा, 2.सार्वजनिक आंकड़आ जालक्रम",,
public domain,"1.सार्वजनिक डॉमेन,2.सार्वजनिक प्रक्षेत्र",,
public key encripting,सार्वजनिक कुंजी गूढलेखन,,
Pulse,स्पंद,,
pulse code modulation,स्पंद कोड मॉडुलन,,
pulse digital modulation (PDM),पल्स डिजीटल माडुलेशन (पी डी एम),,
pulse train,स्पंदावली,,
Punctuation,विराम चिन्ह,,
Push,"दाब, भरण",,
push down automata,अधोभरण ऑटोमेटा,,
pushup list,ऊर्ध्वभरण सूची,,
quad density,चतुर्घनत्व,,
Qualification,"1.अर्हता, 2.योग्यता",,
Quantifier,परिमाणक,,
Quantize,क्वांटीकृत करना,,
Quantizer,क्वाटीकारक,,
Quantum,क्वांटम,,
quantum clock,क्वांटम कालद,,
quantum computing,"1.क्वांटम कप्युटन, 2.क्वांटम अभिकलन",,
querry by example,उदाहरणगत पृच्छा,,
Query,"1.पूछताछ, 2.पृच्छा",,
query language,पृच्छा भाषा,,
query processing,पृच्छा प्रक्रमण,,
Queue,पंक्ति,,
queue management,पंक्ति प्रबंधन,,
queue register,पंक्ति पंजी,,
queuing network,"1.पंक्ति नेटवर्क, 2.पंक्ति जालक्रम",,
queuining theory,पंक्ति सिद्धांत,,
quick acess memory,द्रुत अभिगम स्मृति,,
Quotient,भागफल,,
radio frequency interference (RFI),रेडियो आवृत्ति व्यतिकरण (आर एफ आई),,
Radix,मूलांक,,
random access computer equipment (RACE),यादृच्छिक अभिगम कंप्यूटर उपस्कर (आर ए सी ई),,
random access memory (RAM),यादृच्छिक अभिगम मेमोरी (रैम),,
random scan,यादृच्छिक क्रमवीक्षण,,
Raster,"1.रैस्टर, 2.रेखापुंज",,
raster scan,रैस्टर क्रमवीक्षण,,
re engineering,पुन:अभियांत्रिकी,,
re enlargement,पुनर्वर्धन,,
Reachability,"1.अभिगम्यता, 2.गम्यता",,
Read,पठन,,
read head,पठन शीर्ष,,
read only,"1.केवल पठनीय, 2.पठन मात्र",,
read only memory,"1.पठन मात्र स्मृति, 2.पठन मात्र मेमोरी",,
read write head,पठन लेखन शीर्ष,,
read/write cycle,"1.पठन चक्र, 2.लेखन चक्र",,
read/write head,"1.पठन चक्र, 2.लेखन शीर्ष",,
read/write,"1.मेमोर्य्पठन, 2.लेखन स्मृति",,
Reader,पाठक,,
reading,"पठन, पाठन",,
read-out,"1.रीड आउट, 2.पठनोत्तर",,
real,तिमेवास्तविक काल,,
real time processing,"1.सद्य अनुक्रिया प्रक्रमण,2.तुरंत अनुक्रिया प्रक्रमण",,
Receiver,अभिग्राही,,
recognition logic,अभिज्ञान तर्क,,
Recompile,पुन: क्रमादेश अंतरण,,
Record,अभिलेख,,
recording head,"1.अभिलेखी शीर्ष, 2.रिकार्डिंग हेड",,
recoverable error,सुधार योग्य त्रुटि,,
Recovery,पूर्ति,,
recursim theorem,पुनरावर्तन प्रमेय,,
Recursion,पुनरावर्तन,,
recursive function,पुनरावर्ती फलन,,
reduced instruction set computer (RISC),लघुकृत अनुदेश समुच्चय कंप्यूटर (रिसक),,
Redundancy,अतिरेकता,,
redundant array of independent disks (RAID),"1.स्वतंत्र चक्रिका, 2.डिस्कों की अतिरिक्त सरणी (रेड)",,
Re-entrant,पुन:प्रवेशी,,
re-entrant code,पुन:प्रवेशी कूट,,
Reference,संदर्भ,,
referential integrity,संदर्भिक समग्रता,,
Reflectivity,परावर्तकता,,
Reflextion,परावर्तन,,
Refraction,अपवर्तन,,
Refresh,पुनश्चर्या,,
Regeneration,पुनर्जनन,,
Register,पंजी,,
regular grammar,नियमित व्याकरण,,
Relation,संबंध,,
relational database,संबंधपरक डेटाबेस,,
relational database management system (RDBMS),संबंधपरक डाटाबेस प्रबंधन तंत्र (आर डी बी एम एस),,
relational model,संबंधपरक निदर्श,,
Relative,"1.सापेक्ष, 2.आपेक्षिक",,
relative addressing,आपेक्षिक पताभिगमन,,
Relay,"1.रिले, 2.प्रतिसारण",,
reliability modeling,विश्वसनीयता निदर्शन,,
Reliable,विश्वसनीय,,
relocatable code,"1.पुन:स्थान निर्धारणीय कोड, 2.पुन:स्थान निर्धारणीय आंकड़आ",,
Remote,सुदूर,,
remote host,सुदूर पोषक,,
remote job entry,सुदूर कार्य प्रविष्टी,,
remote log-in,"1.सुदूर सत्रारंभ, 2.सुदूर लॉग-इन",,
remote procedure call (RPC),सुदूर प्रक्रिया आह्वान (आर पी सी),,
remote sensing,सूदूर संवेदन,,
Rename,पुन: नामकरण,,
Rendering,"1.प्रतिपादन,2.समर्पण",,
Repeater,पुनरावर्तक,,
Reply,उत्तर,,
Request,"1.अनुरोध, 2.निवेदन",,
request for comments (RFC),टिप्पणी अनुरोध (आर एफ सी),,
request/reply protocol,"1.निवेदन प्रोटोकॉल, 2.उत्तर प्रोटोकॉल",,
rerun program,पुनरावर्ती प्रोग्राम,,
Research,अनुसंधान,,
reset cycle,पुन:स्थाप चक्र,,
Resident,स्मृतिवासी,,
Resolution,विभेदन,,
Resources,संसाधन,,
responsee time,अनुक्रिया काल,,
Restart,"1.पुन: प्रवर्तन, 2.पुन: आरंभ",,
Restore,पुन: भंडारण,,
Retrace,पुन: अनुरेख,,
Retransmission,"1.पुन: प्रेषण, 2.पुन: संचार",,
Retrieve,पुन: प्राप्ति,,
Retry,पुन: प्रयास,,
Return,"1.प्रतिगमन, 2.वापसी",,
return code,प्रतिगमन कूट,,
return key,प्रतिगमन कुंजी,,
reusable code,पुन: प्रयोज्य कोड,,
Rewritable,पुन: लेखनीय,,
RGB monitor,आर जी बी मॉनीटर,,
Ribbon,रिबन,,
right issue,अधिकारिक इश्यू,,
Robot,"1.रोबोट, 2.यंत्रमानव, 3.यांत्रव",,
Robotics,"1.यांचव विज्ञान, 2.यंत्रमानव विज्ञान",,
Robust,"हष्ट-पुष्ट, सुदृड़",,
Role,भूमिका,,
roll back,पुन: वेल्लन,,
roll in,अन्तर्वेल्लन,,
roll out,बहिर्बेल्लन,,
ROM,"1.केवल पठनीय स्मृति, 2.पठन मात्र स्मृति (रोम)",,
Root,मूल,,
root directory,मूल निर्देशिका,,
round of error,संनिकटन त्रुटि,,
Router,"1.रूटर,2.अनुमार्गक",,
Routing,"मार्गाभिगमन, अनुमार्गण",,
RS232C interface,आर एस 232 सी अंतरापृष्ट,,
RSA encryption,आर एस ए गूढलेखन,,
RTC,आर टी सी,,
run length encoding,कार्यविस्तार कोडन,,
run time,कार्यावधि,,
run time error,कार्यावधि त्रुटि,,
Sample,"1.प्रतिदर्श, 2.नमूना",,
Sampling,प्रतिचयन,,
Satellite,"1.उपग्रह, 2.सेटेलाइट",,
Saturating,संत्रिप्तन,,
Save,सुरक्षित करो,,
Scalability,"1.मापनीयता, 2.मापक्रमणीयता",,
Scalar,अदिश,,
Scanning,क्रमवीक्षण,,
Scenario,परिदृश्य,,
Scheduler,अनुसूचक,,
screen image projector,स्क्रीन प्रतिबिंब प्रक्षेपक,,
Script,लिपि,,
scripting language,लिपिकरण भाषा,,
Scrolling,"1.कुंडलन, 2.स्क्रॉलन",,
SDLC (sychronous data link control),तुल्यकालिक डाटा लिंक नियंत्रण (एस डी एल सी ),,
Search,"1.अन्वेषण, 2.खोज",,
search engine,खोज इंजन,,
search tree,खोज वृक्ष,,
Searching,"1.अन्वेषण, 2.खोजना",,
Secondary,दवितीयक,,
Sector,"1.सेक्टर, 2.खंड",,
security policy,सुरक्षा नीति,,
seek time,खोज अवधि,,
Segment,"1.अनुभाग, 2.खंड",,
Segmentation,"1.खण्डन, 2.खण्डीकरण",,
selection sort,चयन छंटाई,,
self contained,"1.स्वपूर्ण, 2.स्वत: पूर्ण",,
Semantics,"1.सीमेंटिकी, 2.अर्थ विज्ञान",,
Semaphore,सीमेफॉर,,
Semiconductor,अर्धचालक,,
semontic web,कल्पायन वेब,,
sequential access method,अनुक्रमिक अभिगम विधि,,
Serial,क्रमिक,,
Serializer,क्रमक,,
Server,"1.परिसेवक, 2.सर्वर",,
server crash,परिसेवक ध्वंस,,
server license,परिसेवक लाइसेंस,,
servo multiplier,सर्वो गुणक,,
Set,समुच्चय,,
set point,निर्दिष्ट बिंदु,,
set up,व्यवस्था,,
Shade,छाया,,
Shading,छायांकन,,
Shadow,प्रतिछाया,,
share file,शेयर संचिका,,
shared access,सहभाजित अभिगम,,
Sharing,सहभाजन,,
Shell,"1.कोष्ठक, 2.कवच, 3.शैल, 4.कोश",,
shift character,विस्थापन संप्रतीक,,
short circuit,लघुपथ,,
short instruction,लघु अनुदेश,,
Sibling,सहोदर,,
side effect,"1.पार्श्व प्रभाव, 2.प्रति-प्रभाव",,
sign bit,चिन्ह बिट,,
Signal,संकेत,,
signal processing,संकेत प्रक्रमण,,
Signalling,संकेतन,,
signal-to-noise ratio,"1.संकेत-ध्वनि अनुपात, 2.संकेत-रव अनुपात",,
Signature,"1.हस्ताक्षर, 2. चिन्हक",,
signature testing,चिन्हक परीक्षण,,
significant digit,सार्थक अंक,,
silicon chip,सिलिकॉन चिप,,
Simple Mail Transfer Protocol (SMTP),सरल डाक अंतरण प्रोटोकॉल (एस एम टी पी),,
Simplex,एकधा,,
simplex node,"1.एक संकेतन आसंधि, 2.सिंप्लेक्स आसंधि",,
Simulation,अनुकरण,,
Simulator,अनुकारी,,
Simultaneous,"1.युगपत, 2.समकालिक",,
simultaneous processing,युगपत प्रक्रमण,,
Singleton,एकल,,
site licence,"1.साईट लाइसेंस, 2.स्थल लाइसेंस",,
Size,"1.साइज, 2.आमाप",,
Sizing,आमापन,,
Sketching,"1.रेखांकन, 2.रेखाचित्रण",,
Skip,प्लुति,,
Skipping,"1.प्लुति, 2.प्लुतिकरण",,
Slash,"1.स्लैश, 2.काट",,
slave computer,अधीन कंप्यूटर,,
sliding window protocol,सर्पी विंडो प्रोटोकॉल,,
Slip,"1. चूक, 2. सर्पण",,
Slot,खाँचा,,
small computer system interface (SCSI),स्कैजी (एस सी एस आई),,
smart card,स्मार्ट कार्ड,,
snail mail,धीमी डाक,,
Snapshot,आशुचित्र,,
soft computing,"1.सॉफ्ट अभिकलन, 2.साफ्ट कंप्युटन",,
soft copy,सॉफ्ट प्रति,,
soft font,सुगम फान्ट,,
Software,सॉफ्टवेयर,,
software engineering,सॉफ्टवेयर इंजीनियरी,,
software license,सॉफ्टवेयर लाइसेंस,,
software piracy,सॉफ्टवेयर चोरी,,
Spectrum,स्पेक्ट्रम,,
Spiral,"1.पेंचदार, 2.सर्पिल",,
spread sheet,"1.विस्तृत शीट, 2.स्प्रेडशीट",,
Standard,मानक,,
standard generalized markup language (SGML),मानक सामान्यीकृत मार्कअप भाषा (एस जी एम एल),,
Standardization,मानकीकरण,,
standby time,प्रतीक्षा काल,,
star LAN,तारक लैन,,
star topology,तारक संस्थिति,,
start bit,आरंभी बिट,,
Starvation,"1.अप्राप्ति, 2.अभावग्रस्तता, 3.अभाव संकट",,
static memory',"1.स्थैतिक स्मृति, 2.स्थैतिक मेमोरी",,
status channel,स्थिति चैनल,,
step size,"1.सोपान साइज, 2.सोपानी आयाम",,
stop and wait protocol,विराम एवं प्रतीक्षा प्रोटोकॉल,,
stop code,विराम कूट,,
stop key,विराम कुंजी,,
Storability,भंडारणीयता,,
stored program,भंडारित प्रोग्राम,,
string data,श्रृंखला आँकड़आ,,
structured coding,"1.संरचित कूटलेखन, 2.संरचित कोडन",,
structured query language (SQL),संरचित पृच्छा भाषा (एस क्यू एल),,
style sheet,"1. वर्तिका पत्र ,2. शैली पत्र",,
Sub-directory,उपनिदेशिका,,
Subnet,"1.उपजाल, 2.सबनेट",,
Subtree,उपवृक्ष,,
Summarization,"1.संक्षेपण, 2.संक्षेपीकरण",,
super computer,"1.सुपर अभिकलित्र, 2.सुपर कंप्यूटर",,
super computing,"1.सुपर कप्यूटन, 2.सुपर अभिकलन",,
super key,महाकुंजी,,
super user,सर्वोच्च प्रयोक्ता,,
supervised learning,पर्यवेक्षित अधिगम,,
support chip,सहायक चिप,,
Surf,नेट विचरण,,
Surfing,"1.नेट विचरण, 2.सीकरण, 3.सर्फन",,
Swap,गमागम,,
swap in,अंतर्गमागम,,
swap out,बहिर्गमागम,,
Swapping,गमागमन,,
switched network,"1.स्विचित नेटवर्क,2. स्विचित जालक्रम",,
Switching,स्विचन,,
switching theory,स्विचन सिद्धांत,,
symbolic programming,प्रतीकात्मक प्रोग्रामन,,
Synchronization,तुल्यकालन,,
Synchronizer,तुल्यकालक,,
Synchronous,तुल्यकालिक,,
synchronous digital hierarchy (SDH),तुल्यकालिक अंकीय पदानुक्रम (एस डी एच),,
syntax analysis,वाक्य विश्लेषण,,
system analysis,तंत्र विश्लेषण,,
system engineering,तंत्र इंजीनियरी,,
system hacker,"1.तंत्र विच्छेदक, 2.तंत्र हैकर",,
system integrator,तंत्र समेकक,,
system log,तंत्र लॉग,,
system mask,तंत्र आच्छद,,
system network architecture (SNA),तंत्र नेटवर्क संरचना (एस एन ए),,
system programmer,"1.तंत्र प्रोग्रामर, 2.तंत्र क्रमादेशक",,
system restart,"1.तंत्र पुन: प्रवर्तन, 2.तंत्र पुन: आरंभन",,
system shutdown,तंत्र समापन,,
system testing,तंत्र परीक्षण,,
system utility,तंत्र उपयोगिता,,
systematic code,"1.व्यवस्थित कोड, 2.व्यवस्थित कूट",,
tab command,टैब समादेश,,
Table,सारणी,,
table look up,सारणी अवलोकन,,
table space,सारणी स्थान,,
Tablet,पटलिका,,
tabular array,"1.सारणीवद्ध, 2.सरणी व्यूह",,
tabulating function,सारणीकरण फलन,,
tagged architecture,"1.चिह्नित वास्तुकला, 2.चिह्नित संरचना",,
tagged image file format (TIFF),चिहनित प्रतिबिंब संचिका फर्मा (टिफ),,
tandam system,अग्रानुक्रम तंत्र,,
tape density,टेप घनत्व,,
tape mask,टेप आवरण,,
tar file,टार संचिका,,
Task,कार्य,,
task bar,कार्यदर्शिका,,
task scheduler,कार्य अनुसूचक,,
TCP/IP (transmission control protocol/internet protocol),संचरण नियंत्रण प्रोटोकॉल/इनटरनेट प्रोटोकॉल (टी सी पी/आई पी),,
teardown operation,कटाव संक्रिया,,
Telecom,दूरसंचार,,
Telecommunication,दूरसंचार,,
Teleconference,दूरसंवाद,,
Teleconferencing,दूर सम्मेलन,,
Telegraphy,"1.तारप्रेषण, 2.टेलीग्राफी",,
Telemetry,"1.दूरमापी, 2.दूरमिती",,
Telephone,"1.दूरभाष, 2.टेलीफोन",,
Telephony,दूरभाषी,,
Teleprinter,"1.दूरमुद्रक, 2.टेलीप्रिंटर",,
Teleprocessing,दूरप्रक्रमण,,
Television,"1.दूरदर्शन, 2.टेलीविजन, 3.दूरदर्शित्र",,
Telex,टेलेक्स,,
Telnet,"1.दूर जाल, 2.टेलनेट",,
Temperature,"1.ताप, 3.तापक्रम",,
Template,"1.आकार पट्ट, 2.टेंपलेट, 3.रुपदा",,
ten's complement,दस-पूरक,,
tera byte,टेरा बाइट,,
tera flops,टेरा फलाप्स,,
terminal cursor,"1.अंतक प्रसंकेतक, 2.टर्मिनल कर्सर",,
terminal node,"1.अंतक आसंधि, 2.टर्मिनल नोड",,
terminal window,टर्मिनल विंडो,,
Termination,समापन,,
Ternary,त्रि-आधारी,,
ternary operation,त्रि-आधारी संक्रिया,,
Test,परीक्षण,,
test coverage,परीक्षण व्याप्ति,,
test run,परीक्षण निष्पादन,,
Test-data,परीक्षण आँकड़आ,,
Text,"1.टैक्सट,2. पाठ्य सामग्री",,
text box,पाठ्य पेटी,,
text cursor,पाठ्य कर्सर,,
text editor,पाठ्य संपादक,,
text file,पाठ संचिका,,
text mode,पाठ्य विधा,,
text processing,पाठ प्रक्रमण,,
text to speech (TTS),वाक-पाठ्य (टी टी एस),,
texture mapping,बुनावट प्रतिचित्रण,,
T-flip-flop,"1.टी फ्लिप फ्लॉप, 2.टी-द्विमानित्र",,
thermal printer,तापीय मुद्रकातापीय,,
thin film memory,"1.प्रिंटर तनु फिल्म स्मृति, 2.तनु फिल्म मेमोरी",,
thin film transistor,(TFT) तनु फिल्म ट्रांजिस्टर (टी एफ टी),,
Thrashing,"1.गहाना, 2.थैशिंग",,
Thread,सूत्र-चूड़ई,,
Threading,सूत्रण,,
threetier network,"1.त्रितल जालक्रम, 2.त्रितल नेटवर्क",,
Throughput,प्रवाह क्षमता,,
time complexity,काल जटिलता,,
time division multiplexing (TDM),काल विभाजन बहुसंकेतन (टी डी एम),,
time frame,काल फ्रेम,,
time frame,ङ्केसमय सी,,
time machine,"1.काल यंत्र, 2.काल मशीन, 3.टाइम मशीन",,
time out,समय समाप्त,,
time quantization,"1.कालॉशन, 2.काल क्वांटीकरण",,
time series,काल श्रेणी,,
time sharing,"1. काल विभाजन ,2. समय सहभाजन",,
time sharing system,समय सहभाजन तंत्र,,
time stamp,काल स्टेप,,
timing diagram,काल आरेख,,
Tint,वर्णक,,
Toggle,टॉगल,,
toggling speed,टॉगल चाल,,
Token,"1.प्रतीक, 2.टोकन",,
token bus,टोकन बस,,
token bus,टोकन बस,,
token bus network,टोकन बस जालक्रम,,
token ring,"1.प्रतीक वलय, 2.सांकेतिक वलय",,
token talk,टोकन वार्ता,,
Tool,"1.औजार, 2.उपकरण",,
top down,शीर्ष-पाद,,
top down design,शीर्ष पाद अभिकल्प,,
top down parsing,"1.नख शिख पद विन्यास, 2.अधोगामी",,
Topology,"1.सांस्थिति, 2.स्थान विज्ञान",,
touch pad,स्पर्श पैड,,
touch screen,स्पर्श स्क्रीन,,
Trace,"1.चिन्ह, 2.निशान, 3.अनुरेखण",,
Tracing,अनुरेखण,,
Track,"1.मार्ग, 2.पथ, 3.लीक",,
track disk,"1.ट्रैक डिस्क, 2.पथ डिस्क",,
track tape,पथ टेप,,
Tracking,"1.अनुमार्गन, 2.अनुपथन",,
Trailer,"1.अनुयान, 2.अनुग",,
Trajectory,प्रक्षेप पथ,,
Transaction,"1.कार्य संपादन, 2.सौदा, 3.लेनदेन, 4.आदान प्रदान",,
transaction file,"1.सौदा संचिका, 2.क्रिया-कलाप संचिका",,
transaction log,"1.लेन-देन संलेख, 2.आदान-प्रदान लॉग",,
Transcribe,"1.प्रतिलेखन, 2.लिप्यंतरण करना",,
Transducer,ट्रांसड्यूसर,,
transfer rate,अंतरण दर,,
transfer time,अंतरण काल,,
Transformation,रुपांतरण,,
transient error,क्षणिक त्रुटि,,
transit time,संक्रमण काल,,
Transition,"1.संक्रमण, 2.संक्रांति",,
Transitive,संक्रामक,,
Transitivity,संक्रमिता,,
Translation,"1.अनुवाद, 2.अंतरण, 3.अनुभाषण",,
Transmission,"1. संचरण, संचारण ,2.संप्रेषण",,
transmission control protocol (TCP),संप्रेषण नियंत्रण प्रोटोकॉल (टी सी पी),,
transmission line,"1.संचरण लाइन, 2.संप्रेषण लाइन",,
Transmitter,ट्रांसमीटर,,
Transparency,पारदर्शिता,,
Transponder,ट्रांसपोंडर,,
Transportation,"1.परिवहन, 2.प्रतिगमन",,
Transposition,पक्षांतरण,,
Transputer,ट्रांसप्यूटर,,
Transreceiver,"1.संप्रेष अभिग्राही, 2.ट्रांस रिसीवर",,
Trapping,"1.प्रपाशन, 2.फांसना, 3.पकड़ना",,
Traverse,चंक्रमण,,
tree (traversal),वृक्ष (चंक्रमण),,
tree network,तरु नेटवर्क,,
tributary circuit,सहायक परिपथ,,
trival graph,तुच्छ आरेख,,
trouble shoot,दोष-निवारण,,
Truncate,"छिन्न, रुंडन",,
truth table,सत्यमान सारणी,,
Tuner,"1.टयूनर, 2.समस्वरक, 3.समंजक",,
Tunnelling,"1.सुरंगन, 2.टनलिंग",,
Tunning,"1.समंजन, 2.समस्वरण, 3.टयूनिंग",,
Tuple,टपल,,
turbo pascal,टर्बो पास्कल,,
turing machine,टयूरिंग मशीन,,
turn aroud time,प्रतिवर्तन काल,,
turn around document,प्रतिवर्तन दस्तावेज,,
turnaround sequence,प्रतिवर्तन अनुक्रम,,
twin cable,युगल केबल,,
twisted pair,"1.ऐंठित युगल, 2.व्यावर्तित युग्म",,
two part assembler,द्वि-पारक स्मरांतरक,,
two's complement,दो का पूरक,,
type,प्रकार,,
type face,"1.टाइप फेस, 2.अक्षराकृति",,
type head,टंकन शीर्ष,,
type wheel,मुद्रक चक्र,,
Typing,टंकण,,
un interruptable power source (UPS),अबाधित शक्ति स्रोत,,
unary operation,"1.एकल संक्रिया, 2.एक-अंगी प्रणाली",,
unary operation,एकल संक्रिया,,
unary operator,"1.एकल संकारक, 2.एक अंगी संकारक",,
Uncertainity,अनिश्चितता,,
unconditional statement,अप्रतिबंधी कथन,,
Uncountable,अगणनीय,,
Uncover,अनावरण,,
Undecidable,अनिर्णीय,,
Undefined,ङ्केअपरिभाषित,,
undefined record,अपरिभाषित अभिलेख,,
Undelete,अविलोप,,
Underscore,"1.अधोडैश, 2.अधोरेक, 3,अधोयोजक",,
Undirected,अनिर्दिष्ट,,
undirected graph,"1.अनिर्दिष्ट ग्राफ, 2.अनिर्दिष्ट आलेख",,
undirectional service time,एकसमान दिशा सेवाकाल,,
Undo,निरस्त करना,,
unformatted disk,"1.असंरुपित चक्रिका, 2.असंरुपित डिस्क",,
Unicasting,समचित्रण,,
Unicode,"1.यूनीकोड, 2.एकल कूट",,
unidirected tree,अनिर्दिष्ट वृक्ष,,
uniform resource locator (URL),समान संसाधन स्थान निर्धारक (य आर एल),,
Uniprocessing,एक प्रक्रमण,,
Unique,अद्वितीय,,
unishielded twisted pair (UTP),अपरिरक्षित व्यावर्तित युगल (यू टी पी),,
Unit,"1.एकक,2. इकाई",,
unit address,एकक पता,,
unit interval,एकक अंतराल,,
unit testing,एकक परीक्षण,,
unitary code,ऐकिक कूट,,
Uniterm,एक पद,,
universal asynchronous receiver/transmitter (UART),सार्वत्रिक अतुल्यकालिक अभिग्राही/प्रेषित्र (यू ए आर टी),,
universal flip flop,सार्व फ्लिप-फ्लाप,,
universal set,सार्व समुच्चय,,
universtal character set,सार्वत्रिक संप्रतीक समुच्चय,,
Unix,यूनिक्स,,
Unlock,विपाश,,
unprotected field,अनारक्षित क्षेत्र,,
unprotected file,अनारक्षित फाइल (संचिका),,
Unreachable,अगम्य,,
Unshade,अनाच्छ,,
Unshielded,अनारक्षित,,
unsuccessful call,असफल आह्वान,,
Untar,अनटार,,
update anomalies,अदयतन असंगतियां,,
updated file,अद्यतीकृत संचिका,,
Updating,अद्यतीकरण,,
Upgrade,उन्नयन,,
Upgrade,उन्नयन,,
Uplink,अपलिंक,,
Uploading,उच्च भारण,,
upper memory area,उपरि स्मृति क्षेत्र,,
Upstream,"1.प्रति प्रवाह, 2.प्रतिकूल",,
Uptime,उपरिकाल,,
Upward,"1.ऊर्ध्व, 2.अपरि, 3.ऊर्ध्वगामी",,
Usenet,"1.यूजनेट, 2.उपयोग",,
User,"1.जाल उपयोगकर्ता, 2.प्रयोक्ता",,
user agent,प्रयोक्ता एजेंट,,
user authentication,प्रयोक्ता प्रमाणीकरण,,
user datagram protocol (UDP),प्रयोक्ता आंकड़आ-रेख प्रोटोकॉल (यू डी पी),,
user friendly,प्रयोक्ता मैत्रीपूर्ण,,
user identification,प्रयोक्ता पहचान,,
user identity (UID),प्रयोक्ता पहचान (यू.आई.डी.),,
user interface,प्रयोक्ता अंतरापृष्ठ,,
user name,प्रयोक्ता नाम,,
user profile,"1.प्रयोक्ता पार्श्वक, 2.प्रयोक्ता रेखाचित्र",,
Utility,उपयोगिता,,
utility software,उपयोगिता साफ्टवेयर,,
Valid,"1.वैध, 2.मान्य",,
Validation,"1वैधीकरण, 2.मान्यीकरण",,
validation protocols,मान्यीकरण प्रोटोकॉल,,
validation testing,मान्यीकरण परीक्षण,,
validity check,"1.वैधता जांच, 2.मान्यता जांच",,
value added network (VAN),मूल्ययुक्त जालक्रम (वैन),,
value added reseller (VAR),मूल्ययुक्त पुनविक्रेता (वी ए आर),,
vanishing point,लोपी बिंदु,,
Vapourware,"1.वेपरवेयर,2. वाष्प पात्र",,
Variable,प्रसरण,,
variable address,परिवर्ती पता,,
variable bit rate,परिवर्ती बिट दर,,
variable field length,परिवर्ती क्षेत्र लंबाई,,
variable length code,"1.परिवर्ती लंबाई कोड,2.परिवर्ती लंबाई कूट",,
variable name,"1.परिवर्ती नाम, 2.परिवर्त्य नाम, 3.चर नाम",,
Variale,"1.चर,2. परिवर्ती",,
Vector,सदिश,,
vector grapdhics,"1.सदिश ग्राफिक्स, 2.सदिश आलेखी",,
vector precessing,सदिश प्रक्रमण,,
vectored interrupts,सदिशकृत आंतरायण,,
venn diagram,वेन आरेख,,
verification & validation (V&V),सत्यापन एवं वैधीकरण (वी एण्ड वी),,
version control,रुपांतरण नियंत्रण,,
version number,"1.रूपांतरण संख्या,2.रूपांतरण अंक",,
Vertex,शीर्ष,,
vertical processor,ऊर्ध्वाधर प्रक्रमक,,
very large scale integration (VLSI ),अतिवृहत् एकीकरण (वी एल एस आई ),,
very long instruction word (VLIW),अतिदीर्घ अनुदेश शब्द (वी एल आई डब्ल्यू),,
VHDL,वी एच डी एल,,
video camera,वीडियो कैमरा,,
video conferencing,वीडियो दूर सम्मेलन,,
video display terminal,वीडियो प्रदर्श टर्मिनल,,
video display unit,"1.वीडियो प्रदर्श एकक, 2.वीडियो प्रदर्श इकाई",,
video game,वीडियो खेल,,
video graphic adaptor (VGA),वीडियो आलेखी सरणी (वी जी ए),,
video graphics adapter (VGA),वीडियो ग्राफिक्स सरणी (वी जी ए),,
video server,वीडियो परिसेवक,,
View,दृश्य,,
view port,दृश्य द्वारक,,
Viewport,दृश्य द्वार,,
virtual circuit,आभासी परिपथ,,
virtual function,आभासी फलन,,
virtual memory,आभासी स्मृति,,
virtual private network,आभासी निजी संजाल,,
virtual reality,आभासी यथार्थ,,
virtual reality,"1.आभासी वास्तविकता, 2.आभासी यथार्थता",,
virtual reality markup language,आभासी चिन्हक यथार्थ भाषा,,
virtual reality markup language (VRML),आभासी यथार्थ मार्कअप भाषा (वी आर एम एल),,
virtual storage access method,आभासी भंडारण अभिगम विधि,,
virtual storage management,आभासी भंडारण प्रबंधन,,
Virus,"1.वायरस, 2.विषाणु",,
virus detection,वायरस संसूचन,,
virus programme,"1.वायरस प्रोग्राम, 2.विषांक क्रमादेश",,
Visibility,दृश्यता,,
Vision,दृष्टि,,
visual basic,दृश्य बेसिक/विज़्वल बेसिक,,
visual C++,विजवल सी++,,
visual display unit,"1.दृश्य प्रदर्श एकक, 2.दृश्य प्रदर्श इकाई",,
Vitual,आभासी,,
vitual address,आभासी पता,,
vitual machine (VM),आभासी मशीन (वी. एम.),,
Voice,"1.वाक, 2.वाणी",,
voice mail,"1.वाक् डाक, 2.वॉयस मेल",,
voice mail server,वाक् डाक सर्वर,,
voice recognition,वाक अभिज्ञान,,
Voice-net,"1.वाक् जाल, 2.वाक् नेट",,
volatile memory,विलोपी स्मृति,,
Wafer,वेफर,,
WAIS manager,"1.वायस प्रबंधक, 2.डब्ल्यू ए आई एस प्रबधंक",,
wait die,प्रतीक्षा समाप्ति,,
wait wound,प्रतीक्षा कुंडलन,,
waited code,"1.भारित कोड,2.भारित कूट",,
waited mean,भारित माध्य,,
waiting time,प्रतीक्षा काल,,
wall grade,तरंग निर्देश,,
warm restart,पुन: प्रवर्तन,,
waste band width,"1.बंजर बैंड चौड़आई, 2.बंजर बैंड क्षमता/विड्थ",,
waterfall model,जलप्रपात निदर्श,,
Wavelet,तरंगिका,,
wavelet image compression,तरंगिका प्रतिबिंब संपीडन,,
wavelet transform,तरंगिका रुपांतर,,
weak entity,"1.कमजोर अस्तित्व,2. निर्बल सत्ता",,
Web,वेब,,
web address,वेब पता,,
web authoring,वेब लेखन,,
web browser,"1.वेब विचरक, 2.वेब ब्राउजर",,
web page,वेब पृष्ठ,,
Web server,वेब परिसेवक,,
web site,वेबस्थल,,
web-enabld application,वेब समर्थित अनुप्रयोग,,
Web-enabled,वेब समर्थित,,
weighted graph,"1.भारित ग्राफ,2. भारित आलेख",,
well connected,सुसंबद्ध,,
well formed formula,सुनिर्मित सूत्र,,
well ordered set,सुक्रमित समुच्चय,,
Wetware,"आर्द्रपात्र, वैटवेयर",,
wheatstone bench mark,"1.व्हीटस्टोन निर्दश मानक, 2.व्हीटस्टोन बैंचमार्क",,
Wheel,"1.चक्र, 2.पहिया",,
while loop,व्हाईल लूप,,
white box testing,श्वेत बक्स परीक्षण,,
white light,"1.श्वेत,2.धवल प्रकाश",,
white noise,श्वेत रव,,
wide area network (WAN),"विस्तृत क्षेत्र जालक्रम (डब्ल्यू ए एन, वैन)",,
wide area network (WAN),बृहत् क्षेत्र जालक्रम (वैन),,
wide band,विस्तृत बैंड,,
wild card,"1.वाइल्ड कार्ड, 2.विस्तृत कार्ड",,
Wimp,विप,,
win,टेब्विन वेब,,
win zip,विन जिप,,
Window,"1.विंडो, 2.खिडक़ई, 3.गवाक्ष",,
Windowing,"1.गवाक्षन,2.विंडोकरण",,
Windows,विंडोज,,
windows explorer,विंडोज अन्वेषक,,
windows NT,विंडोज एन टी,,
wire frame model,तार-फ्रेम निदर्श,,
wire printer,"तार मुद्रक, तार प्रिंटर",,
wired logic,तारकृत तर्क,,
wireless fidelity ( wi Fi),बेतार तद्रूपता,,
wireless LAN,बेतार लैन,,
wireless transmission,बेतार संचरण,,
Wizard,विजार्ड,,
Word,"1.बहुवंयक,2. शब्द",,
word key,शब्द कुंजी,,
word length,शब्द लंबाई,,
word oriented,शब्द मूलक,,
word processing,शब्द प्रक्रमण,,
word processing,शब्द प्रक्रमण,,
word processor,शब्द प्रक्रमक,,
word underscore character,शब्द अधोरखा संप्रतीक,,
work flow management,कार्य प्रवाह प्रबंधन,,
work group,कार्यसमूह,,
work unit,"1.कार्य एकक, 2.कार्य इकाई",,
work volume,कार्यभार,,
working directory,कार्यकारी निर्देशिका,,
working set,कार्य समुच्चय,,
working storage,कार्यकारी भंडार,,
Workshop,कार्यशाला,,
Workstation,"1.कार्यस्थल, 2.वर्क स्टेशन",,
world co-ordinate,विश्व निर्देशांक,,
world wide web (WWW),विश्वव्यापी वेब (डब्ल्यू डब्ल्यू डब्ल्यू),,
worst case analysis,निकृष्टतम स्थिति विश्लेषण,,
worst fit algorithm,न्यूनतम योग्य एल्गोरिथम,,
Wraparound,परिवेष्ठन,,
wrist computing,"1.कलाई अभिकलन, 2.कलाई कंप्यूटन",,
Writable,"1.लेखनीय,2. लेखन योग्य",,
Write,लेखन,,
write cache,लेखन कैशे,,
write cycle,लेखन चक्र,,
write key,लेखन कुंजी,,
"write once, read more (WORM)","1.लिखो एक, 2.पढ़ओ की (वर्म)",,
write protection,लेखन अभिरक्षण,,
write read head,लेखन पठन शीर्ष,,
X OR,एक्स ऑर,,
X-12,एक्स-१२,,
XBM X bitmap,एक्स बी एम एक्स बिट मानचित्र,,
Xenix,जिनिक्स,,
Xmodem,एक्स मॉडम,,
X-on/X-off,एक्स ऑन/एक्स ऑफ,,
X-terminal,एक्स टर्मिनल,,
Xtext,"1.एक्स टेक्स्ट, 2.एक्स पाठ्य सामग्री",,
X-window,एक्स-विंडो,,
YACC,वाई ए सी सी (कम्पाइलर),,
Yahoo,याहू,,
Yoke,योक,,
Z-buffer,जैड-बफर,,
zero address instruction,शून्य पता अनुदेश,,
zero function,शून्य फलन,,
zero level address,शून्य स्तर पता,,
zero matrix,"1.शून्य मेट्रिक्स, 2. शून्य आव्यूह",,
zero suppression,शून्य निरसन,,
zero wait state,शून्य प्रतीक्षा अवस्था,,
zero-slot LAN,शून्य-खांचा लैन,,
Zip,जिप/संकुचित,,
zip code,"1.संकुचित कूट, 2.संकुचित कोड",,
zip file,संकुचित संचिका,,
zip UPZ modem,संकुचित यू पी जैड मॉडेम,,
Zone,"1.क्षेत्र, 2.अंचल",,
zone list,अंचल सूची,,
Zoom,"1.जूम, 2.आकार वर्धन",,
zoom in,"1.आकारवर्धन, 2.जूम-इन",,
zoom out,आकार न्यूनन/आमाप न्यूनन,,
Zooming,जूमकरण/आकार वर्धन/आमाप वर्धन,,
Z-term,जेड़-पद,,